TtzMllN			
SliWNlllt			
N:o			
1.			
Tammikuun	tim		
alkuvunlislo.	tim		
1900	tim		
Tampereella,	loc	ppl	
«,			
«,			
I«n»l»n			
«l			
<lu«p»,			
llllap,			
I9UN			
Tilaushinta			
TnimiMlse»			
la			
taittic»			
llsi»!l,ics!e!l			
!u«»9			
Tynvälill»,			
se»			
la			
Herrain	tit		
G.	per		
E.	per		
Jansson	per		
in			
Kumpp.			
liljapainossl,			
lampe.			
rcN»			
mt.			
s:>ä,			
ynnä			
tailiesa			
ma-mmc			
postilonttoo-.			
rc,«s»			
ml.			
25			
p:iä.			
Kuudes			
Vuosikerta.			
Toimittajat	tit		
O.	per		
Söderhslm,	per		
G.	bper		
Kunnari,	per		
K.	bper		
Prusi	per		
W»«!anwc>,			
Ilmoituksia			
w»«tall!lo!eta»n			
pennin			
nilllws!»			
ensi			
ja			
pennin			
malsust»			
lehdm			
mulll»			
siwuillll,			
pieneltn			
riwiltä.			
Kuolemanilmmtukset			
kehyksellä			
warustetut			
mk.			
Päiwälista.			
Postikonttoori			
on			
awoinna			
Arkipaiwwä:	tim		
«o	tim		
>0-1	tim		
a.	tim		
p.	tim		
ja	tim		
5?6	tim		
i.	tim		
Sunnuntai-	tim		
ja	tim		
luhlapäiwinä:	tim		
klo	tim		
9?lo	tim		
a.	tim		
p.	tim		
ja	tim		
1-2	tim		
i.	tim		
P.	tim		
Aikataulu			
Postit			
lähtevät			
16	tim		
päiwästä	tim		
touko.	tim		
kuuta	tim		
1899	tim		
toistaiseksi.			
Joka			
päiwii:			
klo			
itään			
päin			
menewästä			
ju>			
nassa			
ja			
110	tim		
3,i5	tim		
i.	tim		
länteen			
päin			
menemässä			
junassa.			
Maanantaina	tim		
110	tim		
10	tim		
a.	tim		
p.	tim		
Stormin	loc	ppl	
kautta			
Sam»			
maljoelle.			
Tiistaina	tim		
klo	tim		
i.	tim		
p.	tim		
Stormin	loc	ppl	
kautta			
Kärp			
palaan.			
Tuorstaina:	tim		
110	tim		
a.	tim		
p,	tim		
Punkalaitumelle	loc	ppl	
ja			
klo	tim		
i.	tim		
p.	tim		
Stormin	loc	ppl	
kantta			
Kärppälään.	loc	ppl	
Perjantaina	tim		
110			
10	tim		
a.	tim		
p.	tim		
Stormin	loc	ppl	
kautta			
Sam»	loc	ppl	
maljoelle.	loc	ppl	
Lauwantain»	tim		
klo	tim		
i.	tim		
p.	tim		
Stormin	loc	ppl	
kautta			
Kärppälään.	loc	ppl	
Kirjelaatikko			
tyhjennetään			
aina			
mahan			
ennen			
postin			
lähtöä.			
Kirkkoherran			
kanslia			
on			
arnoin»			
na			
joka	tim		
arlipäimä	tim		
kello	tim		
10?12	tim		
päimällä.			
Postijuna			
lähtee			
jola			
päiwä:			
Porista.	loc	ppl	
kello	tim		
,24	tim		
e.			
pp.			
Asta			
Pci,			
Lähtee			
Tyrmäältä	loc	ppl	
,^			
Saapuu			
Tampereelle	loc	ppl	
1,01			
2,«6			
2,3«			
4,39			
PoStijuna			
lähtee			
jota			
päiwä			
Tampereelta	loc	ppl	
Tulee			
Tyrmäätte	loc	ppl	
Lähtee			
Peipohjasta	loc	ppl	
Saapuu			
I,»°			
j,			
pp			
3,8?			
3."			
..			
5,2,			
6,45			
Setajun»			
lähtee			
joka	tim		
päimä:	tim		
kello	tim		
3,«°	tim		
j.pp			
5-	tim		
Tulee			
TyrniäullMD	loc	ppl	
on			
täällä			
yötä			
ja			
lähtee			
aamulla			
Saapuu			
Tampereelle	loc	ppl	
e.			
pp			
9-			
5,30			
e.			
pp			
8,4°			
Selajuna			
lähtee			
jota			
päiwä^			
Tampereelta	loc	ppl	
Tulee			
Tyrmäälle	loc	ppl	
,.^^^^^D			
on			
täällä			
yötä			
ja			
lähtee			
aamulla			
Lählee			
Saapuu			
7.17	tim		
9,			
-«			
Aseman			
kaikki			
toimistot			
owat			
yleisölle			
awoinna			
seuraamina			
ai>			
koina:			
Arkipätwtnä:	tim		
klo	tim		
4,80?6,	tim		
ja	tim		
12	tim		
a.	tim		
p.	tim		
sekä	tim		
2-5	tim		
ja	tim		
B?9	tim		
j.	tim		
p.	tim		
p.	tim		
Sunnuntai-	tim		
ja	tim		
luhlapaitvinä:	tim		
kello	tim		
B?9	tim		
a.	tim		
p.	tim		
ainoastaan			
helposti			
pilaantumille			
tamaroille.			
loulupäiwinä,	tim		
uudcnwuodenpäiwänä,	tim		
piikäperjllntllina,	tim		
pääsiäispäimäuä,	tim		
hclatuorstaina	tim		
>a	tim		
hellunlaipäiwäiiä	tim		
ei			
harjoiteta			
mitään			
loi>			
mitusta.			
Mt>>ewä			
rahtitawam			
on			
sisään			
jätettäioä			
(hywissä			
ajoissa)			
ennen			
kello	tim		
9,3»	tim		
e.			
pp.			
tunti			
ennen			
ju>			
Pikatawaraa			
nan			
lähtöaikaa.			
Uloswientiwoi			
on			
sisäänjätettämä			
Kestimiiktoisin			
ennen			
tcllo			
j.			
p.			
Pilettien			
myynti			
matkustajia			
martrn			
ulotetaan			
puoli			
tuntia			
ennen			
junain			
«uloaikaa			
ja			
lopetetaan			
minuullia			
ennen			
junai»			
lähtöaitaa.			
Rautatieaseman			
postiasema:			
on			
yleisölle			
aivoinna			
yllä			
olemina			
toimitus			
aikoina.			
Kirkollisia			
ilmoituksia.			
Papiston			
saarnawuorot			
Tammi»			
kuulla			
19U0,	tim		
Loppiaisena	tim		
Kirkkoherra	tit		
Bäck	per		
pai-			
wäsaarnan			
S.			
Loppiaisesta	tim		
Kirkkoherra	tit		
Väck	per		
Kiitoisissa,	loc	ppl	
pastori	tit		
Törnmall	per		
päi>			
iväsaarnan.			
S.			
Loppiais.	tim		
Pastori	tit		
Törnmall	per		
rippisaarnan,			
Kirkkoherra	tit		
Back	per		
päimäsaarnan.			
S.			
Loppiais.	tim		
Pastori	tit		
Törnmall	per		
päimäsaarnan,			
Kirkkoherra	tit		
Bäck	per		
Sammaljoella.	loc	ppl	
S.			
Loppiais.	tim		
Pastori	tit		
Törnmall	per		
päimäsaarnan			
Kirttoherra	tit		
Bäck	per		
Kiilassa.	loc	ppl	
Keruut			
kirkossa			
Tammikuulla.	tim		
Loppiaisena	tim		
Kirkolle			
ja			
laapamn			
Pyhäkouluyhdistyk-			
selle,			
S.			
Lopviais.	tim		
Kirkolle.			
S,			
Loppiais.	tim		
Kirkolle.			
S.			
Loppiais.	tim		
Kirkolle.			
Joulukuulla	tim		
w.	tim		
1899	tim		
kuolleet.			
p:nä			
Wihattulasta	loc	ppl	
torppari			
Her>			
man			
Wilho	per		
Lakkisen	per		
lapsi			
Sai-			
mi			
Agneta	per		
kk.			
p.			
p.nä			
Näntölän	loc	ppl	
kylästä			
torppari	tit		
Inho	per		
Aleksander	per		
Aletsanterinp	per		
Ylinen	per		
45			
11			
tt.			
P.			
p:nä			
Marttilan	loc	ppl	
kylaslä			
torppari	tit		
Heitti	per		
Kustaa	per		
Salomäen	per		
poita			
Oslur	per		
Fuvian	per		
m,			
kk.			
2?			
p.			
pmä			
Tyrmäänlylä^tä	loc	ppl	
Mätelän	bloc	ppl	
torpan			
emäntä	tit		
Maria	per		
Kristiina	per		
luhontr.	per		
57			
»v.			
11			
tt.			
p,			
p^nä			
Wlhattulasta	loc	ppl	
Kustua	per		
Adolf	per		
Koimusen	per		
lapsi			
Elsa	per		
Elwira4w.	per		
lt.			
p.			
p:nä			
Liuhalan	loc	ppl	
kylästä			
työmiehen	tit		
lylär	tit		
Ida	per		
Amanda	per		
Nantauen	per		
10			
w.			
tt.			
10			
p.			
10			
p:nä			
Laukulan	loc	ppl	
lylästä			
torppari	tit		
lisat	per		
Tuomaanp.	per		
Mattila	per		
74			
m,			
tk.			
10			
p:nä			
Sammaljoelta	loc	ppl	
entinen			
torpp.	tit		
Matti	per		
Wilho	per		
Etlin	per		
75			
w.			
lk.			
23			
p.			
14			
p:nä			
Wihattulasta	loc	ppl	
työmies			
Kus>			
taa			
Aadolf	per		
Koiwuseu	per		
lapsi			
Kus.			
taa			
limar	per		
m.			
kk.			
22			
p.			
14			
p:nä			
Lousajan	loc	ppl	
kylästä			
työm.	tit		
Herman	per		
Viljasen	per		
lapsi			
Hilda	per		
Mari»	per		
kk.			
17.			
15			
p:nä			
Nuupalasta	loc	ppl	
itsellisleski	tit		
Ka.			
rolina			
Agatha	per		
Silfmerfteil	per		
59			
ro.			
tt.			
Il			
p.			
15			
p:nä			
Ketolan	loc	ppl	
kylästä			
rustitilalliscn	tit		
Juho	per		
Paaroo	per		
3)liketolan			
lapsi			
Paamo	per		
Armas	per		
tt,			
18			
p:»a			
Kaltsilan	loc	ppl	
kylästä			
entinen			
torpp	tit		
Heitti	per		
Kustaa	per		
Antinpoika	per		
Pitkäjärm!	per		
87			
w.			
11			
tt.			
17			
p.			
22			
p:nä			
Tyrivääntylästä	loc	ppl	
työmies	tit		
Kaarle	per		
Mauri	per		
Hatasen	per		
lapsi			
Kaarle	per		
Henrit	per		
m.			
tl.			
p.			
23			
p:nä			
Roismalasta	loc	ppl	
työm.	tit		
Kaarle	per		
Kustaa	per		
Kuusisen	per		
poika			
Smaute	per		
m.			
tk.			
p.			
24			
p:nä			
Liuhalan	loc	ppl	
kylästä			
torppari	tit		
Juho	per		
Herman	per		
Mattila	per		
56			
w.			
tk.			
p.			
25			
p:nä			
Wihattulasta	loc	ppl	
työm.	tit		
Kaarle	per		
Alfred	per		
Hcikinp.	per		
Kuusisto	per		
5?			
tt.			
25			
p.			
25	tim		
p:nä	tim		
Kaukolan	loc	ppl	
Ala-Knaapi»	bloc	ppl	
Palm,	per		
Juho	per		
Wilho	per		
luhonp,	per		
Mattila	per		
2«			
m.			
tk.			
26			
p:nä			
Isojärnien	loc	ppl	
kylästä			
torpp.	tit		
Juho	per		
Paamo	per		
Lemonojan	per		
lapsi			
Wäinö	per		
Johannes	per		
w.			
10			
p.			
27			
p:nä			
Lautulan	loc	ppl	
kylästä			
torppari	tit		
Juho	per		
Kristian	per		
Matinp.	per		
Kulju	per		
71			
m.			
tt,			
10			
p.			
28			
plnä			
Tyrmaänrylästä	loc	ppl	
työm.	tit		
Tuomas	per		
Maurits	per		
Tanhuanpää	per		
5U			
m.			
kt.			
2^			
p.			
29			
p:nä			
Wihaitulasta	loc	ppl	
talollisen	tit		
Heitti	per		
Hcitwp.	per		
Ä>jälän	per		
lapsi			
Hu>			
go			
AleNander	per		
m.			
kk.			
p:nä			
Aplcetarin	loc	ppl	
rouma	tit		
Johanna	per		
Softa	per		
Margaretha	per		
Bäckman	per		
29			
w.			
11			
11.			
26			
p.			
29			
p:»a			
Houhajäriven	loc	ppl	
kylästä			
Lautamäen	bloc	ppl	
torpan			
maari	tit		
Juho	per		
Antinp.	per		
82			
w.			
10			
kk.			
27			
p.			
Joulukuulla	tim		
muutti			
toisiin			
seura»			
kuntiin			
29			
miespuolta			
ja			
3l			
naispuolta			
eli			
yhteensä			
60			
henkeä.			
Tyrmään	org	crp	
kirkkoherran	org	crp	
kansliassa	org	crp	
Joulukuun	tim		
30	tim		
p.	tim		
1898.	tim		
Johannes	per		
Bäck.	per		
Kirkkoherra.			
Kuollut:			
Että			
Herra			
Jumala			
tutkimattomassa			
runsaudessa			
on			
tuiman			
kuume»			
taudin			
jälkeen			
Joulukuun	tim		
29	tim		
p.	tim		
1839	tim		
poistutsunut			
rattaan			
nmimoni			
Johanna	per		
Sofia	per		
Marga-	per		
rethan	per		
(omaa			
sukua			
Gestrin)	per		
syntynyt			
Tammikuun	tim		
p.			
187			
N,			
katteratsi			
kaipaukseksi			
minulle,			
yhdelle			
pienelle			
pojalle,			
neljälle			
wielä			
pienemmälle			
tyttärelle			
ja			
ijäkkäälle			
äidille,			
saan			
ainoastaan			
täten			
sukulaisille			
ja			
ystäwille			
ilmoittaa.			
Dtfr.	per		
Abelard	per		
Bäckman.	per		
?lesulsen			
Kristuksen			
lunmlan			
Pojan			
meri			
on			
puhdistanut			
minun			
kaikista			
synneistä".			
Kuulutus.			
Wuoden	tim		
1900	tim		
lukulinkerit			
Tyrmään	org	crp	
emäseurakunnassa	org	crp	
pidetään			
seuraamassa			
järjestyksessä			
Tammikuussa:	tim		
Tiistainsi	tim		
p:nä	tim		
Liuhalan	loc	ppl	
la>			
hoossa			
Nuupalan	loc	ppl	
Emännillä.			
Maanantaina	tim		
15	tim		
p:nä	tim		
Hanhijär»			
wen			
lahoosfa			
Ketolan	loc	ppl	
torpassa.			
Tiistaina			
16			
p:nä			
Houhajärmen	loc	ppl	
lahoossa			
Sammaljoen	bloc	ppl	
Maurialassa.	bloc	ppl	
Keskimillkona	tim		
17	tim		
pmä	tim		
Iso»Illon	loc	ppl	
lahoossa			
Anttilan	bloc	ppl	
lalossa.			
Tuorstaina	tim		
18	tim		
pmä	tim		
Nautanie»	loc	ppl	
meu			
lahoossa			
Hautamäen	bloc	ppl	
torpassa.			
Perjantaina	tim		
19	tim		
pmä	tim		
Kallion	loc	ppl	
la»			
hoossa			
Harjunpään	bloc	ppl	
torpassa.			
Lauantaina	tim		
20	tim		
p:nä	tim		
Sammaljoen	loc	ppl	
lahoossa			
Kaarle	per		
Kuutin	per		
rusti»			
lilalla.			
Maanantaina	tim		
22	tim		
p:nä	tim		
Kotajärmen	loc	ppl	
lahoossa			
Salomäeu	bloc	ppl	
torpassa.			
Tiistaina	tim		
23	tim		
p:nä	tim		
Kolun	loc	ppl	
lahoos»			
>a			
Pajulahden	loc	ppl	
torpassa.			
Kestimiitkona	tim		
24	tim		
p:nä	tim		
Sahan	loc	ppl	
lahoossa			
Ahteen	bloc	ppl	
torpassa.			
Tuorstaina	tim		
25	tim		
p:nä	tim		
Myllymäen	loc	ppl	
lahoossa			
Sankarin	bloc	ppl	
torpassa.			
Perjantaina	tim		
'<?6	tim		
p:nä	tim		
Waununperän	loc	ppl	
lahoossa			
Ojansimun	bloc		
torpassa.			
Tyrmää	bloc	ppl	
loulutuun	tim		
23	tim		
p.	tim		
1899.	tim		
Johannes	per		
Bäck.	per		
Kirlloherra.			
Eräs			
laupeuden			
työ.			
Englanninkielestä			
Suomensi			
O.	per		
S.	per		
Rouwc»	tit		
Howard	per		
meni			
läwclyrettelle.			
Häntä			
seurasiwat			
molemmat			
lyttärensä			
>a			
sukulaisensa,			
eräs			
nuori			
poila			
Herbert.	per		
Jonkun			
aitaa			
täwel>yä			
kaunista			
Dewonshire	loc	gpl	
tasankoa			
Lontoon	bloc	ppl	
ulkopuolella,			
ja			
lun			
seurue			
oli			
ihaillut			
kutliwic			
pensasaitautsia,			
tästi			
Rouwa	tit		
Howard	per		
tyttärensä			
näyttää			
Herbertille	per		
eräässä			
lammi»			
koZsa			
uiskentelemia			
ankkoja,			
sillä			
ai>			
taa			
kun			
hän			
menisi			
tapaamaan			
Rouwa	tit		
Gregoria.	per		
Tämä			
asui			
läheisyydessä,			
ja			
hän			
oli			
jo			
monta			
wuotta			
sairastanut			
niuoteeu			
omana.			
Sillä			
aikna			
kun			
ystäwyksel			
keskusteliwat,			
tuli			
äkkinäinen			
sateentuuro,			
ja			
nyt			
oli			
patko			
kutsua			
ulos			
jääneet			
lapset			
sisään^^^^^^^^W			
Maagien	per		
tultua			
huoneeseen,			
terweh»			
wanha			
sairas			
Rouwa			
heitä			
ys>			
tämällisesti.			
Säleen			
tauottua			
läksi			
seurue			
ko°			
tia			
päin,			
ja			
sinne			
saamuttua			
rupesi			
Roilwa	tit		
Howard	per		
puuhaamaan			
illal>			
lista.			
Sitä			
walmi«taessaan			
lysyi			
hän,			
mitä			
Herbert	per		
piti			
heidän			
tä°			
n,>elyretkestään.			
Poita			
mastas»,			
että			
se			
oli			
muuten			
ollut			
warsin			
hausta,			
paitsi			
läynli			
wanhan			
Rouman			
luo»			
na			
«li			
tuntunut			
hänestä			
itämältä.			
»Minkä			
tähden			
käytte			
hänen			
luo»			
n,<an,			
täti?"			
lysyi			
hän.			
?Ratas			
lapseni",			
sanoi			
Rouma	tit		
Howard	per		
Rouma	tit		
Gregory	per		
on			
kauan			
aitaa			
sairostanut,			
ja			
se			
on			
meille			
hauskaa			
sauda			
pulwella			
häntä".			
?Waan			
mitä			
se			
höydyttää,			
että			
Ellen	per		
ja			
Annie	per		
käymät			
siellä,			
äimäthän			
ne			
moi			
tehdä			
hänelle			
niin			
mitään			
?"			
?Sinä			
erehdyt,			
rakaS			
poikani,			
manha			
Rouma			
pitää			
heistä			
paljon,			
ja			
he			
omat			
yhtä			
iloisia			
näkemään			
hänet,			
kun			
hän			
on			
iloinen			
uähdes»			
sään			
heidät?			
Muuten			
minä			
pidän			
siitä			
paljon,			
että			
he			
käymät			
hänen			
luonaan,			
sillä			
heillä			
on			
siellä			
pal»			
jon			
avittamaa".			
Mitä			
sitte,			
täti?			
En			
ymmärrä			
miten			
»vanha			
köyhä			
waimo			
woi			
opettaa			
nuoria			
neitosia".			
?He			
näkemät,			
että			
Nouwa			
Gr«»			
gory			
on			
komin			
löyhä,			
komin			
manha			
ja			
komin			
sairas,			
mutta			
siitä			
huolimatta			
on			
hän			
kuitenkin			
marsin			
tyytymäinen,			
kärsimällinen			
ja			
onnelli»			
nen.			
He			
tietämät			
myös,			
että			
Jumalan			
armo			
on			
tämän^			
maituttanut			
Nouwa	tit		
Gregory'ssa,	per		
sillä			
hän			
ol			
ennen			
mallan			
toisenlainen			
henkilö			
josta			
kaikki			
naapurit			
moimat			
kertoa			
Mutta			
Jumalalle			
kelpasi			
näyttää			
hänelle,			
että			
hän			
oli			
suuri			
syntinen,			
ja			
että			
hänen			
oli			
mahdoton			
itse			
pe>			
lastaa			
itsensä.			
Ia			
se			
kelpasi			
myös			
Herralle			
osottaa			
hänelle,			
että			
maikka			
hän			
ei			
itse			
moinut			
pelastaa			
itsensä			
ijantaitlisesta			
kadotuksesta,			
niin			
oli			
Herra			
Jesus			
tehnyt			
sen			
hänen			
sijas»			
sansa.			
Hän			
oli			
maksanut			
hänen			
suuren			
syntimeltansa,			
ja			
nyt			
oli			
hä>			
nellä			
ilo			
ja			
rauha			
Herrassa.			
Sitte			
kun			
Pyhä			
Henki			
oli			
tämän			
opetta»			
nut			
Rouma	tit		
Gregory'lle	per		
Jumalan			
sanasta,			
on			
hän			
ollut			
uusi			
luontokappale,			
ja			
odottaa			
nyt			
pääsinpäimäänsä.			
Mailla			
hän			
on			
komin			
sai»			
ras,			
niin			
hän			
kuitenkin			
tulee			
iloiseksi			
kun			
nuoret			
serkkusi			
menemät			
termehtimään			
häntä,			
ja			
hän			
lausuu			
heille			
jonkun			
raamatunlauseen,			
taikka			
jonkun			
mirren.			
Toisinaan			
myös			
tyttäreni			
lausumat			
hänelle			
raama>			
tunlauseita.			
Joskus			
lähetän			
heidän			
mukanaan			
hänelle			
pienen			
lahjan,			
ja			
joskus			
lähettää			
hän			
heidät			
toimittamaan			
asioiman.			
Tämä			
ei			
ole			
aino-l			
astaan			
Rouwalle			
awutsi,			
maan			
sel			
on			
myös			
hausta»			
saada			
valmcllal			
M>^,!l			
luule			
täti,			
että			
se			
on			
niintään			
hauskaa.			
Minä			
tahdon,			
että			
muut			
palmelemat			
minua.			
Ainoastaan			
palmelioiden			
ja			
löyhien			
tulee			
muita			
palmella,			
ja			
se			
intin			
heidän			
welwollituutensa".			
Heibeit'in	per		
täti			
tuli			
murheelliseksi			
luullessaan			
nuoren			
sukulaisensa			
puhuman			
tähän			
tapaan.			
Waan			
hän			
tiesi,			
että			
syynä			
siihen			
ali			
huono			
lotitasmatus.			
Siellä			
oli			
poika			
oppinut			
huolehtimaan			
ainoastaan			
itse«			
ansa			
ja			
omaa			
mulawuuttansa.			
Mut»			
ta			
tätinsä			
päätti			
nyt			
rumeta			
hänen			
kllsmattajlllsensa			
ja			
opettaa			
hänelle,			
kuinla			
onnellinen			
on			
se			
tila,			
jolloin			
ihminen			
tah»oo			
palmella			
muita			
Herran			
lesutsen			
tähden.			
Täti			
tosin			
tiesi,			
ettei			
tämä			
moinut			
tapahtua			
yhl'äkkiä,			
ja			
täNä			
kerralla			
sanoi			
hän			
waan:			
?Nalas			
poikani,			
minä			
näen			
ettet			
ole			
milloinkaan			
koettanut			
tehdä			
muita			
onnelliseksi,			
muuten			
et			
möisi			
sanoa,			
että			
se			
ei			
ole			
hauskaa,			
mutta			
minä			
toiwon,			
että			
kerran			
olet			
minun			
kanssani			
olema			
yhtä			
mieltä			
siinä			
suhteessa,			
ja			
että			
todellakin			
on			
suuri			
humitus			
auttaa			
ja			
palmella			
muita,			
«varsinkin			
niitä			
jolla			
meidän			
meljemme			
ja			
sisaremme			
uskoSsa			
omat".			
Tähän			
paältyi			
tämän			
piimäinen			
les»			
kustelu.			
Epäilemättä			
johtaa			
se			
mieleemme			
Herran			
lesutsen			
sanat			
Mitä			
olette			
tehneet			
yhdelle			
näistä			
mähimmistä			
minun			
»veljistäni,			
sen			
te			
teitte			
minulle".			
Mrwäältä.			
Wlwsi	tim		
1900	tim		
otetilin			
seurakuntam»			
me			
kirlosia			
,oa2tc>an			
harminaiiella			
juhlallisuudella			
kello	tim		
1>	tim		
yöllä	tim		
Uudeumuoden	tim		
aattona	tim		
Kirkkopihaan			
johtamien			
molempien			
portaitlen			
ylä»			
puolelle			
oli			
asetettu			
maloisa			
muosiluku	tim		
1900	tim		
ynnä			
useita			
malolyhtyjä.			
Kirkko			
oli			
lukuisilla			
kynttilöillä			
wa>			
laistu,			
ja			
niin			
täynnä			
kansaa,			
että			
suuri			
joukko			
jäi			
istumatiloja			
maille,			
ja			
seisoi			
käytäwillä.			
Sitte			
kun			
ensin			
oli			
meisaltu			
»virsi,			
piti			
Kirkkoherra	tit		
Bäck	per		
tilaisuutta			
marten			
soivi»			
tetun			
puheen.			
Lopuksi			
»veisattu»			
taas			
mirsi,			
ja			
yleisö			
läksi			
kirkosta.			
Ulos			
tultua			
saatiin			
kirkon			
toisesta			
N:o1.			
1900	tim		
Tammikuun	tim		
alkupuolisko.	tim		
Tyrivään	org	crp	
Sanomat	org	crp	
tornista			
kuulla			
ivirsi			
Jumala			
ompi			
linnamme",			
jota			
laulukööri			
törmien			
säestämänä			
weisasi.			
Juhlatilaisuus			
oli			
wakama			
ja			
mieltä			
ylentäwä,			
jota			
lisäksi			
erittäin			
lauuis			
»valaistus			
kohotti.			
Wammastosken	loc	ppl	
Nlta			
oli			
myöskin			
kahden			
puolen			
lyhdyillä			
»valaistu.			
Möskanto			
Tyrmään	loc	ppl	
rauta»			
tieasemalla			
Marraskuulla	tim		
1899.	tim		
1,209			
Mattnstajapiletista			
2,138:			
Kiertomatkapiletistä			
47:			
50			
24:40			
l»03			
kgr			
pakaasista			
342,420			
lgr			
lähctettuä			
ja			
tullutta			
rahtitamaraa			
josta			
94,553			
lgr			
on			
tullutta			
ja			
297,867			
on			
lähetctt.			
4,0			
lgr			
lähetettyä			
ja			
tullulta			
pikatawaraa			
josta			
1,368			
lgr			
on			
tullutta			
ja			
2,65!			
kgr			
on			
lähetettyä			
84			
kappaletta			
käärelähe»			
tyksiä			
hemosesta			
koiraa			
19			
lehmää			
lältiwaatimusrahoja			
2,107:			
90			
98:05			
24:75			
25			
30			
27:45			
4<o:			
95			
Summa			
Smrt.			
4,892:			
30			
Makscttawaksi			
laskettu			
matkustajaja			
tawaraliitkeestä			
Marraskuulla	tim		
le»			
lee			
4,45			
mk.			
Postisäästöpankkiin	org	crp	
Tyrmään	loc	xxx	
rautatieaseman	loc	xxx	
postiasemalla			
tehtiin			
Marraskuulla	tim		
sisäänpanoa			
yhteensä			
105			
mk.			
Kuntakokouksessa			
miime			
Joulukuun	tim		
18	tim		
päivänä	tim		
käsiteltiin			
seu>			
raawat			
asiat			
I:s>.			
Kuunallislautakunnan			
ehdoitutsesta			
päätetttin			
oirttawaksi			
Viuistolan	org	edu	
kansakoulun	org	edu	
rakennus			
kustannuksia			
warten			
15,000			
markan			
suuruinen			
koulctuslllina,			
niistä			
n^alliowaroista,			
joita			
niihin			
tarkoituksiin			
anuetaan.			
Kokous			
waltuuiti,			
päätetyn			
kouletuslainan			
haku-asiaa			
ajamaan,			
setä			
kunnan			
pnolcsta			
nieltatirjaa			
wahwis^amaan,			
herra	tit		
Ascs>	per		
sori	per		
E.	per		
Samoniulsen,	per		
sekä			
tilalliset	tit		
Herrastuomari	per		
O.	per		
Kahimalan	per		
ja			
K.	per		
Pr»sm.	per		
2lsi^	per		
Esitettiin			
kunnan			
meno-			
ja			
tuloarwio			
wuodelle	tim		
1900.	tim		
Säästöön			
jää			
ivuoden			
lopussa			
f'»			
testamentti			
rahastossa			
8,801:			
81.			
Aleksander	org	crp	
ll:scn	org	crp	
muistorahastossa	org	crp	
menoja			
80			
ml.,			
säästöä			
1,479:			
25.			
Kiertokoulurahastossa,			
menoja			
60			
mk,,			
säästöä			
544			
mt.			
Lainamakasiinin			
warsstossa			
menoja			
(laskettu			
rahaksi)			
83?			
mk.,			
säästöön			
21.490			
mk.,			
Kansakoulujen			
menot			
Opettajien			
palkat			
8,689			
mk.,			
lämpö			
ja			
walo			
1,095			
mk,,			
menoja			
Hopun	loc	ppl	
talosta	loc	ppl	
n,			
m.			
1,140			
mk.,			
koulujen			
puhdistus			
ja			
tarweaineet			
työpajoihin			
120			
mk,,			
rakennuksiin			
ja			
maalauksiin			
16,555			
mk,,			
paloivakuutus			
ja			
poslirahaa?			
136:			
40,			
pulpetteja,			
ope>			
tuswälineitä			
y.			
m,			
787			
mk,,			
hyyryihin			
y.			
m.			
720			
mk.,			
taloudenhoitajan			
ja			
kasöörin			
palkkoja			
100			
mk,,			
niclkaa			
ja			
korkoja			
7,000			
mk.,			
satunnaisiin			
menoihin			
625			
mk.,			
me>			
not			
kaikista			
kouluista			
uhteensä			
37,027			
mk.			
40			
p.			
Tuloja			
maitiolta			
palkka-apua			
6,660			
mk.			
lainajy»			
wästöstä			
300			
mk.			
oppilaiden			
luku»			
kausimaksuja			
noin			
140			
mk.			
Hopun	loc	ppl	
talosta	loc	ppl	
tuloja			
arm.			
2,347			
mk.,			
kuoletuslaina			
nialliolta			
15,000			
ml.,			
tatsoitettawa			
kunnan			
ääniwaltaisista			
12,560			
mk.			
40			
p.			
kin			
me			
kunnan			
rahasto,			
menoja			
waiNinli			
1,686			
mk.			
90			
p..			
palk.			
loja			
3,262			
mk.,			
kunnan			
talon			
rakentamiseen			
2,948			
mk.,			
maksetaan			
wettaa			
I.	per		
Kuutille	per		
600			
mk,,			
tulen»			
kesläroä			
kassakaappi			
500			
mk.,			
sa>			
tunnuista			
menoja			
y,			
m.			
303			
mk.			
yhteensä			
menoja			
9,299			
mk.			
90			
Tuloja:			
koiraweroa			
86			
mk,,			
n>altiolta			
rokotustoimeen			
158			
ml,,			
n>ii>			
nawerorahaa			
1,560			
mk.,			
Ili-Harl			
sun			
palstoista			
600			
mk.,			
kunnantalon			
rakennuskomitealla			
säästöä			
ja			
tuloja			
385			
mk.,			
talsoitettama			
6,510			
>»l.			
!!0			
v,			
aan.			
Tyrmään	org	crp	
kiertokoulujen	org	crp	
ompeluseura	org	crp	
pyytää			
minun			
kauttam			
sydämellisesti			
kiittää			
niitä			
Tyrmää»	loc		
kmmioitettawill			
kuuppioitn,			
jotka			
täksi			
joiilnlsi			
lnhjoittiwclt			
ompclusrinalle			
mi»			
suu^			
Tynuää	org		
Joulukuun	tim		
!!0			
p.			
I«Ul).			
Hilda	per		
Bäck,	per		
Huulmmsm			
muunlttt>			
Harwinainen			
tapaus			
sallni			
wiime			
plrjantainll			
luwau			
hiutansmaalla,			
kun			
erää»			
talollisen			
maalliset			
jäännökset			
oli			
määrä			
laskea			
ikuiseen			
lepoonsa.			
Omaiset			
tantoiwat			
wainajan			
sukulais-			
ja			
tuttamapiiri»			
saattamana			
haittaan,			
T.mäu			
joutkuecn			
jälkeen			
tulli			
pitäjä»			
papisto.			
Hiljaisesti			
odolti			
mäti			
ruu			
miin			
siunauksen			
alkamista,			
waau			
jo			
kaukaa			
äännähti			
rowasti,			
cttki			
hän			
siunaa			
ruxmistsl			
tähän			
hautaan			
eikä,			
anna			
muidenkaan			
pappien			
sitä			
tehdä.			
Soikeitsi			
wctäytyiwät			
tu»li°			
jäin			
naamat			
noista			
odattamaltomista			
sanoista,			
maan			
pian			
saiwat			
he			
kunlla			
selityksen			
rowastin			
snus»			
ta.			
Tämä			
haut-			
on			
vii»			
luwatlcmalla			
paikalla,			
jatkoi			
hän,			
lu>			
wan			
hautausmaa			
on			
jok»			
muon			
sitten			
usiimnukliiscsti			
mitattu,			
>a			
jaet!u			
kahleen			
osaan,			
joista			
toisrllc			
puolelle			
saa			
haudata,			
toiselle			
ei.			
Missä			
o»			
haudaukanunja,			
huutaa			
romasti.			
Kuta			
on			
antanut			
sinulle			
luman			
kaimaa			
tähän?			
Kaiioaja			
mäitti			
hända»			
oleman			
luwnllisclla			
puolella			
rajaa,			
waan			
wcistankselsi			
s»ii			
hän			
rowasiilta			
kuulla			
?sinä			
walchtelkt			
sinä			
kohtapää			
»vanha			
maari"			
setä			
lisäksi			
kolankse»			
harteilleen			
kirttoherran			
wirkawaltaiseöta			
kepistä.			
Hetkisen			
kuluttua			
uhattiin			
haudankaiwajaa			
nnranmencttämisrl'			
lä,			
wieläpä			
nyäistiin			
häntä			
su»rimmalsi			
marmuxd^ksi			
nyrlilläti».			
Oli			
t»o			
mielestäni			
outoa			
ja			
harwinaista			
handkin			
partaalla,			
jossa			
odottaisi			
jotain			
äimä»			
päinmastllista.			
Sitten			
siinä			
rupesimat			
maanmittareiksi			
papit			
ja			
»linjaa			
ajettiin",			
maan			
eihän			
siitä			
sen			
»valmiimpaa			
tullut.			
Itsi			
wiisari-kiwi			
löytyi,			
waau			
eihän			
se			
riittänyt.			
Toisen			
rajn-pyykin			
eli			
raunion,			
oli			
herraswäli			
hajoitiaout			
rumentamasta			
mnka			
sukulaistensa			
hautalumpna			
näin			
tiesi			
jutella			
tuo			
toinnensa			
tottunut			
ja			
uskollinen			
hlludansaiwajll.			
Sitäpaisi			
sanoi			
hän			
panneensa			
kepin			
pyylin			
sijalle.			
Keppi			
kyllä			
löytyikin,			
waau			
rowasti			
wäitti			
sen			
olcwnn			
wäärässä			
paikassa.			
Samalle			
linjalle,			
yhlä			
waarnl»			
liselle			
paikalle			
kuin			
tämänkin			
isännän			
hauta,			
oli			
haudattu			
asetuksen			
moimaan			
astuttua			
jo			
muitati»,			
So>			
pii			
kysyä,			
miksei			
ennemmin			
ole			
rajasta			
tarkkaa			
selmaa			
otettu			
ja			
sitä			
kummallisemplla,			
kun			
ci			
sitä			
wieläkään			
tunneta?			
Numniiu			
siunaaminen			
jäi			
tällä			
kertaa			
sikseen.			
M.			
S.			
Panssarilaiwa			
Abraksinin			
haatsirilkopailan			
luo			
Suursaarilla	loc	gpl	
jätetään			
talwehtimaan			
komennuskunta,			
johon			
kuulu»			
150			
mieltä.			
Eitä			
marten			
o»			
tuletuslaiiva			
?Mo°			
gulshi"			
jo			
Näämelistä	loc	ppl	
wic,,yt			
muo'			
namaroja			
ja			
parakkien			
ralennustar'			
peitä.			
Jää			
»särkijä			
..Irrmak"			
jäänee			
myöskin			
koko			
taliveksi			
ylläpitä»			
maan			
r,htcy!tä			
Nääwetin	loc	ppl	
ja			
hauksiritkopaikan			
wälillä.			
loulunwietto			
Saimaalla	loc	gpl	
oli			
hiukan			
omituista,			
sillä			
Tapaninpäiwänä	tim		
noin	tim		
klo	tim		
11,	tim		
siis			
Parhunna			
kirkon			
aikana,			
tuulimylly			
täwi			
Kurittalan	loc	ppl	
kylässä.			
Jäihin			
hukkui			
29			
w,			
työmies			
Daalin	loc	xxx	
tehtaalla	loc	xxx	
Kustaa	per		
Fridell	per		
t.			
t.			
23			
p.			
Huittisten	loc	ppl	
pitäjän			
Gyltholman	bloc	ppl	
kohdalla.			
Wainaja			
oli			
naimaton.			
Maatilan			
osto			
torppareja			
war»			
ten.			
H.			
m.			
Keisari.Suunruhtinas			
on			
myöntänyt			
200,000			
markan			
määrärahan			
Hartolan	loc	ppl	
pitäjässä			
oleman			
Koskipään	loc	ppl	
tilan			
lunastamiseksi,			
pals»			
tuitettawalsi			
ja			
jaettawatsi			
muutaniien			
torpparien			
lesken			
erinäisillä			
senaatin			
wuywistamilla			
ehdoilla,			
jotka			
myöskin			
tmpparit			
owat			
hywätsyncet.			
Kansaneläke-	org	crp	
rahastoa	org	crp	
on			
Norjassa	loc	ppl	
rumettu			
puuhaamaan.			
Jokainen			
kansalainen			
wclwoitctaan			
ehdotuksen			
mukaan			
itäwuodesta			
atkain			
maksamaan			
2:			
12?			
6^:			
kruunua			
eläkerahastoon.			
ISN			
100			
kruunun			
suuruisia			
eläkkeitä			
sitten			
annettaisiin,			
Täten			
käy			
kuto			
waiwaishoitolaiws			
ajan			
pitkään			
tarpeettomaksi			
ja			
»voitaneen			
meilläkin			
wielä			
samallaiseen			
puuhaan			
ryhtyä.			
Uudenwuoden	tim		
»vastaanotto			
oli			
Tampereella	loc	ppl	
hymin			
juhlallinen.			
Jo			
nitoja			
enne,!			
tmi			
rukuushetki			
Alcksnn>			
derin			
kirkossa			
alkoikaan			
oli			
lirlko			
kuin			
nuijalla			
lyöty			
ja			
sankat			
ihmispar»			
wet			
kirkon			
ulkupuolellatin.			
Kauppatorilla			
taasen			
oli			
taaja			
ihmis			
joukko			
kuulemassa			
laulua,			
jola			
suuri			
sekakuoro			
loimien			
säestyksellä			
toimitti			
kaksi			
koraalia			
raatihuoneen			
rappusilla			
Wanhassakirkossa	loc	xxx	
oli			
ruotsinkielisille			
rukoushetki.			
Oi			
miten			
hauskaa,			
että			
wielä			
kerran			
saa			
knunnella			
noiden			
wnnhntsicn			
ääntä,			
Kuulin			
usean			
huudahtaman			
kuunnellessansa			
ivanhan			
kirkon			
kellojen			
ääntä			
ja			
niiii'			
pä			
ajattelin			
minäkin.			
en.			
Sananen			
vanhemmille.			
Opettalaa			
lapsia			
totnnteen,			
Pnhnkaa			
itse			
aina			
totta			
ja			
malmokna,			
että			
pienokaisetkin			
siihen			
tottumat.			
Älkää			
poiketko			
totuudesta,			
ei			
lapsia			
säityttääksenne,			
eikä			
leikilläkääu.			
Oliaa			
aina			
määräperäiset			
ja			
johdonmukaiset			
lastenne			
snhleen.			
Mitä			
käskette,			
katsokaa,			
että			
se			
aina			
tulee			
täytetyksi,-			
mitä			
kiellätte,			
pitäkää			
hnolta,			
ettei			
sitä			
rikota.			
Ia			
tehkää			
tämä			
johdonmukaisesti			
älkää			
itse			
kumotko,			
mitä,'			
ennen			
olette			
käskeneet,			
älkäätlä			
käskekö,			
mitä			
ennen			
olette			
kieltäneet.			
Älkää			
käskekö			
mitään,			
mitä			
ei			
lapsi			
moi			
täyttää			
älkää			
myöskään			
tnrl,!lla			
ja			
liiallisilla			
kielloilla			
saattako			
lapsia			
ahtaalle.			
Rikos			
maatii			
rangaistusta.			
Älköön			
henuottel»			
estäkö			
teitä			
rankaisemasta			
lastenne			
rikoksia.			
Si°			
weelliset			
rikokset,			
niinkuin			
esim.			
walhe			
ja			
näpisteleminen,			
omat			
rana,aistamat			
tomeminni			
kuin			
muut			
erehdykset,			
jotka			
useimmiten			
tapahtumat			
ajattelemattomuudessa			
ja			
huikentelemassa			
mielessä.			
Mutta			
älkää			
koskaan			
ranqaislo			
mihan			
mimmassa,			
maan			
aina			
täydestä			
makuutuksesta.			
Opettakaa			
lapsianne			
ahkeruuteen			
työssä			
ja			
toimessa			
ja			
antakaa			
itse			
heille			
esimerkkiä			
ahkeruudesta.			
Laiskuushan			
on			
kaiken			
pahnu-den			
juuri,			
Vanhempain			
esimerkki			
on			
tässä			
moimalliisempi			
opettaja!			
kuin			
suulliset			
opetukset.			
Pitäkää			
huolta			
siitä,			
että			
he			
todellakin			
oppimat			
jotakin			
tekemään.			
Älkää			
riistäkö			
tapsillanne			
wiatonta			
iloa.			
Wiaton			
ilo			
mahmistaa			
sydäntä.			
Lasten			
pitää			
oppia			
iloitsemaan			
Jumalan			
armolahjoista.			
?Älkää			
yllyttäkö			
lapsianne			
mihaan!"			
Koettakaa			
herättää			
lapsissanne			
oppimisen			
halua.			
Opettakaa,			
heille			
aikaisin			
kirjaimet			
ja			
lukemisen			
alkeet.			
Kirjaimet			
pitää			
lapsen			
toki			
tuntea,			
ennenkuin			
hän			
lähetetään			
mihinkään			
koulun».			
Opastakaa			
heitä			
myös			
koululätsyjeu			
lukemisessa			
ainakin			
malmokaa,			
että			
he			
lulemat			
läksynsä.			
Kertokaa			
heille,			
mitä			
itse			
olettekirjoista			
lukeneet			
tahi			
elämässä			
kokeneet.			
Puhtaus			
ja			
järjestys			
mallitkoon			
talossanne.			
Pitäkää			
huolta			
siitä,			
ainakin			
lasten			
tähden.			
Sillä			
lapset			
seuraamat			
teidän			
esimerkkiänne.			
Esimerkki			
on			
tässä			
asiassa			
paras			
opettaja.			
Muistaakaa			
aina,			
että			
lapsikin			
on			
ijäisyys-olento,			
joka			
ei			
elä			
ainoastaan			
tätä			
elämätä			
marten,			
maan			
ijankaikkisuutta			
ivarten.			
Eihän			
lapsi			
siis			
saa			
jäädä			
tietämättömäksi			
hywästä			
ja			
kaikkimaltiaasta			
Isästä			
taimaassa			
ei			
hän			
saa			
jäädä			
osattomaksi			
lesutsen			
rakkaudesta,			
armahtamaisuudesta,			
ilosta			
ja			
rauhasta!			
Te			
mcmhemmnthan			
olette			
jo			
pyhässä			
kasteessa			
kantaneet			
lap			
senne			
Herran			
tykö,			
ja			
he			
oivat			
kastetut			
Icsulsen			
Kristuksen			
nimeen			
kuinka			
te			
nyt			
jättäisitte			
heidät			
osattomiisi			
Jumalan			
sanan			
rikkauksista?			
Väinämöisestä,			
Kansan			
tahto.			
Ku»			
waltiopäiwillä			
on			
ollut!'nsymns			
wäkijuomaiu			
supistamisesta			
mähimpääu			
määrään			
lcuu			
säädäuuöu			
lautta,			
taikka			
luu			
asia			
mi			
ollut			
kaupunkini			
kuunallishallilulsissa			
esillä,			
on			
melkein			
aiua			
wastuslajain			
puolelta			
wcdotlu			
länsan			
tahtoon			
Kansa			
ei			
ole			
muta			
wieläkypsynyt			
olemaan			
mälijuomilta.			
Ee			
ei			
tule			
iliuan			
niitä			
toimeeu.los			
ei			
se			
muuten			
saa,			
niin			
syntyn			
salapolttimoita			
ja			
salakapakoita.			
Toiselta			
puoken			
on			
kyllä			
tiedetty,			
ettei			
se			
muuta			
ole			
luiu			
tuota			
ainaista			
tausan			
seläu			
taakse			
piioutumisla,			
kun			
yhteishymä			
on			
ytsityisedulta			
etuoikeuttaan			
waatiuut.			
Ja			
sitä			
ou			
ollul			
hywä			
tehdä			
niinkauan			
kuin			
kausalla			
ei			
ole			
ollut			
tilaisuutta			
mälittomästi			
lausua			
uiielipidettään.			
Mutta			
tänä			
wuonua			
se			
ou			
saanut			
tilaisuuden			
ilmoittaa			
tahtonsa			
wäkijuoiua-asiassa,			
sekä			
samalla			
antaa			
tuomionsa			
tuolle			
imelälle			
seläu			
taakse			
luukeilemisclle,			
sota,			
ei			
aiman			
hienotunteisesti,			
ilman			
sen			
luwatta			
ou			
harioiteltu.			
Sywät			
riwit			
owat			
joutkonnomuslistoihin			
merkinneet			
tahtonsa			
»vapaaehtoisesti.			
Ia			
monet			
omat			
sev			
tehneet			
sydämen			
ilolla,			
ikäänkuin			
jo			
tuntien			
siinäkin			
suhteessa			
onnellisemman			
ajan			
tuot-			
sua.			
Esimerkin			
imiotsi			
ivaan			
mainittakoon			
tässä,			
että			
niistä			
henkilöstä			
Län			
gel			
mäellä,			
joiden			
mielipidettä			
wäkijuoma-asiassa			
sysyltiin,			
22,^			
kannatti			
täydellistä			
kieltolakia,			
2?			
ainoastaan			
kuunallista			
kielto-oikentta,			
wastusti			
tumpaalin			
ja			
ll			
ei			
antanut			
mitään			
was^			
tausta,			
Vtäitä			
mielipiteitä			
tiedusteli			
wiisi			
eri			
henkilöä.			
Mitääu			
edeltäpäin			
määrättyä			
suuuuitelmaa			
ei			
tiedusteluissa			
noudatettu.			
Ei			
kysytty			
waiu			
watituilta,			
joiden			
mielipiteet			
olisi			
edeltäpäin			
tunnettn,			
ivaan			
kaikilta			
ketä			
satuttiin			
tapaamaan.			
Ei			
kysytty			
lapsilla,			
maan			
21			
wuotta			
täyttäneiltä.			
Eipä			
luulisi			
evää			
olewau			
waikeaa			
tietää,			
jos			
ei			
sitä			
enueukään			
olisi			
tietänyt,			
mikä			
ou			
kausau			
tahto.			
Sillä			
samankaltaisiin			
tuloksiiu			
on			
muuallakin			
tultu,			
kuten			
sanomaldistä			
ou			
näkynyt,			
Toiwoknamme,			
että			
kansan			
selkä			
pääsee			
tästä			
puolin			
suojelemasla			
pimeyden			
waltaa			
mäti-			
juoma-asiassa			
,a>nam			
Kiertokirje			
kaikille			
Suomen	loc	ppl	
nuorisoseuroille.			
Jo			
monena			
wuoteua			
olem			
me			
kiertokirjeiden			
kautta			
koettaneet			
saada			
kaikista			
Suomen	loc	ppl	
nuorisoseuroista			
niin			
tarkkoja			
tilastollisia			
tietoja			
kuin			
suin:			
kin			
mahdollista.			
Olemme			
nyt			
tm			
lähettäneet			
asian			
mukaiset			
kysymyskaawat			
kaikille			
niille			
nuorisoseuroille,			
mitkä			
ovat			
tiedossamme.			
Koska			
kuiteu			
tm			
lienee			
olemassa			
seuroja,			
joista			
ei			
meillä			
ole			
olemassa			
mitään			
tietoja,			
pyydämme,			
et			
ta			
tilaston			
täydellisyyden			
wuoksi			
kaikki			
r.c			
nuorisoseurat,			
jotka			
eiwät			
ole			
saaneet			
tilastollista			
kysymyskaawaamme,			
kirje			
tortilla			
ilmoittalvat			
siitä			
meille,			
osoitteella			
Laihia.	loc	ppl	
Kysymykset			
olvatsenraawat:			
1.			
Viilloin			
seura			
perustettiin?			
2.			
Montako			
jäsentä			
serassa			
on,			
miehiä?			
naisia?			
8.			
Kuinka			
monta			
a)			
kokousta,			
d)			
iltamaa,			
e)			
juhlaa,			
g)			
arpajaisia			
ja			
h)			
seuranäytelmiä			
on			
pidetty?			
4.			
Onko			
seuralla			
kirjasto?			
Nidosten			
lukumäärä?			
Nahaanvo?			
5.			
Onko			
seura			
kannattanut			
lukntnpia?			
Sanomalehtien			
lukumäärä			
niissä?			
6.			
Onko			
oma			
laulukunta?			
soittokunta?			
raittius-osasto?			
jäsenlnku?			
ompeluseura?			
keökustcluscura?			
Kninka			
monta			
esitelmää			
ja			
puhetta			
on			
wuoden			
kuluessa			
pidetty			
seuran			
tilaisuuksissa?			
8.			
Seuran			
rahalliset			
tulot?			
menot?			
9.			
Onko			
kansanopistoa			
kannatettu			
ja			
millä			
summalla?			
10.			
Onko			
wietetty			
toukokuun	tim		
12	tim		
p:nä	tim		
eli			
jonain			
muuna			
päiwänä			
kansanopistoiltama			
mitä			
oli			
siitä			
tuloja?			
mille			
kansanopistolle			
annettiin?			
11.			
Onko			
seura			
antanut			
jäsenilleen			
kansanopisto			
apurahoja?			
13.			
Onko			
seuralla			
oma			
talo?			
?13,			
Onko			
käsinkirjoitettu			
seuralchti?			
sen			
nimi?			
14.			
Knka			
on			
esimies?			
15.			
kirjuri?			
16.			
Onko			
pantu			
toimeen			
lnento-			
eli			
kansanopistokursseja?			
17.			
Mitä			
muuta			
on			
seuran			
toimesta			
mainittalvaa?			
18.			
Onko			
seura			
lopettanut			
toimensa?			
Naiden			
tietojen			
awulla			
laaditaan			
tilastollinen			
katsaus			
nuorisoseurojen			
toimintaan			
kuluneena			
wuotcna			
ja			
julaistaan			
Pyrkijässä.	org	crp	
Pyrkijän	borg	crp	
toimitus.			
Maallinen			
majamme.			
Mailman			
mainiossa			
?Vritish	loc	xxx	
Museumissa	loc	xxx	
Lontoossa	bloc	ppl	
säilytetään			
erästä			
maljaa,			
joka			
kuudennellatoista			
satalumnlla			
löydettiin			
Rooman	loc	ppl	
katakombeista			
(wuoreen			
hakatnitzta			
khantaholweista).			
Se			
on			
todellinen			
taideteos,			
joka			
herätti			
aikanaan			
kaikkien			
taiteentuntyain			
ihastusta.			
Siitä			
maksoikin			
eräs			
herttuatar			
59/100			
markkaa			
ja			
lahjoitti			
sen			
sitte			
mainittuun			
museoon.			
Kuinkahan			
armokas			
tuo			
malja			
olisi			
olluttaan,			
jos			
se			
olisi			
ollut			
aimau			
ehjä'?			
Asian			
laita			
on			
nimittäin			
sellainen,			
että			
tämä			
taideteos			
on			
jolloinkin			
mailmassa			
särkynyt,			
ja			
kun			
sitä			
nyt			
tarkemmin			
katsoo,			
huomaa,			
miten			
pienistä			
siruista			
se			
on			
kokoonpantu,			
yhdistys-aineena			
on			
käytetty			
jonkunlaista			
sementtiä,			
ja			
suurta			
taitoa			
on			
saannt			
omata			
sekä			
pitkällisiä			
ponnistuksia			
kestää			
se,			
joka			
korjaustyön			
on			
toimittanut,			
Waikka			
malja			
siis			
ensi			
katsauksella			
näyttääkin			
mitaantumattomalta,			
ei			
se			
kuitenkaan			
enää			
läheskään			
ole			
sen			
armoinen,			
kuin			
ehjänä			
ollen			
olisi.			
Sellaisia			
Jumalan'			
kädestä			
lähteneitä			
taideteoksia			
mekin^			
ihmiset			
olemme			
setä			
sielun			
että			
ruumiin			
puolesta.			
Samallaisia			
rikkoontuneita,			
mutta			
useiu			
suurella			
maiwalla			
ja			
ponnistuksilla			
korjattuja			
astioita			
meidän			
useimpain			
maalliset			
majammetin			
omat.			
Miten			
Harmoja			
onkaan			
sellaisia,			
joiden			
ei			
milloinkaan			
ole			
tarwinnut			
lääkkeitä			
tai			
woiteita			
täyttää			
jotain			
ruumiin			
osaa			
paikatakseen!			
Monellaisct			
syyt			
owat			
mailuttamassa			
tällaiseen			
ruumiimme			
joko			
osittaiseen			
tai			
kokonaan			
särkymiseen.			
Se			
woi			
rikkoutua			
tapaturniainsattuessa			
se			
woi			
saada			
mikaantumisen			
aiheen			
wilustumisesta,			
jota			
kestäätsennne			
emmme			
ole			
kyllin			
ka-			
No:			
1.			
IWO.			
Tyrwään	org	crp	
Sanomat	org	crp	
Tammikuun	tim		
alkupuolisko.	tim		
raistuja			
sen			
woiwat			
turmella			
tarttumat			
taudit,			
joita			
mastustamaan			
emme			
ole			
kyllin			
mahmoja.			
Mutta			
maikka			
syitä			
on			
sellaisiakin,			
joihin			
emme			
itse			
ainakaan			
suoranaisesti			
ole			
»vikapäitä,			
on			
syy			
sittekin			
useasti			
meidän			
itsemme			
aitaan			
saama.			
Mehän			
,voi»»ne			
monella			
tamoin			
joko			
tahallisesti			
tahdottomastikin			
heitontaa			
runmistamme			
niin,			
ettei			
se			
enää			
jaksa			
tautia			
ja			
tipnja			
»vastustaa			
taikka			
turmelemme			
sei»			
suorastaan			
epäsäännöllisellä^ja			
huonolla			
elämällä.			
Moni			
saa			
jo			
wcmheminiltaau			
perintöä			
heikon			
ja			
»viallisen			
ruumiin,			
mutta			
useasti			
sii-			
Hell			
myös			
on			
ollut			
»vanhempain			
elintawat,			
taudit			
y.			
m,			
maiknttamassa.			
Maallinen			
majamme			
siis			
pysyisi			
kokolailla			
hymin			
tunnossa,			
jollei			
sitä			
joko			
»välillisesti			
tai			
»välittömästi			
turmeltaisi.			
Nälkä			
ja			
jano,			
willl			
ja			
»väsymys			
ilmaiseivat			
»nila			
knlloinkin			
on			
tchtäiuä,			
jos			
ruumiin			
aijoinnle			
terweenä			
pitää.			
Ilman			
ruokaa,			
juomaa			
ja			
maatctta,			
ilman			
lämpöä			
ja			
maloa,			
lepoa			
ja			
unta			
emme			
moi			
toiivoaktaan			
tunnossa			
pysylväinnie			
ja			
kuitenkin,			
miten			
paljo			
me			
juuri			
näissä			
suhteissa			
rikomme			
luontoa			
ivastaan.			
Rikosta			
seuraa			
aina			
rangaistus			
taivalla			
tai			
toisella,			
sen			
»ne			
kyllä			
tiedämme.			
Ia			
sama			
sääntö			
»vallitsee			
myös			
tällä			
alalla.			
Luonto			
onkin			
ankara			
kostaja			
niille,			
jotka			
rikoksiin			
oivat			
mikapäitä,			
Mntta			
se			
ei			
sentään			
useinkaan			
rankaise,			
antamatta			
edeltäpäin			
maroitutsia			
ja			
huomautuksia.			
Jollei			
niistä			
ole			
apua,			
sitte			
pannaan			
rangaistus			
täytäntöön.			
Jos			
ruumista			
iverhotessamme			
tahdomme			
maan			
yls»lo»iaan			
seurata			
muotia			
tai			
tapaa,			
»välittämättä			
ollenkaan			
siitä,			
mitä			
päällä,			
»vartalolla			
tai			
raajoilla			
olisi			
asiasta			
sanottamaa,			
niin			
pian			
saamme			
tuntea,			
että			
luontoa			
ivastaan			
on			
rikottu.			
Sullokaamme			
maan			
»modinninkaiset			
kengät			
jalkoihimme,			
maikka			
ne			
eiivät			
mitenkään			
tahdo			
niihin			
mahtna.			
Ne			
oivat			
kärjestä			
liian			
kapeat			
ja			
muutenkin			
koivin			
pienet,			
mutta			
täytyyhän			
niitä			
käyttää,			
koska			
mllutkin			
täyttämät.			
Jalkoja			
alkaa			
?snrettaa"			
ja			
tiivistää			
luonto			
antaa			
ensiniäisiä			
»varoituksiaan			
mutta			
ellei			
niistä			
»vaaria			
oteta,			
seuraa			
rangaistus:			
Liitamarpaita			
ja			
rustoja			
syntyy,			
ja			
jalat			
kadottamat			
wähitellen			
entisen			
muotonsa.			
Vaatteet			
tietysti			
täytyy			
olla			
mnodin			
mnkaiset,			
ivaille»			
niitä			
ahtantcnsa			
tähdeneilsi			
allilsi			
niiteiltään			
tahdo			
ylleen			
saada,			
ja			
ne			
tnntuivat			
koivin			
liristä»väntin,Waitea			
niitä			
on			
päällään			
pitää,			
ja			
kipeältäpä			
runmlstin			
tuntuu,			
mntta			
tottnuhan			
niihin			
tm			
lopulta.			
Kun			
luonnon			
ilmoitnksia			
ei			
ole			
»varteen			
otettu,			
lakataan			
niitä			
antamasta			
mntta			
rangaistns			
sitte			
seuraa			
taikenlaisten			
tantien			
mnodossa,			
joita			
toetetaan			
monilla			
läälleillä			
ja			
molleilla			
parantaa.			
Vailla			
huimi			
ontin			
hinvittäwän			
tnuma			
länlpinlällä			
tcsä-illnalla,			
ei			
sentään			
kehtaa			
lattia			
käyttää,			
tun			
ei			
»nuillatacm			
ole.			
Ia			
maitta			
taimen			
pakkasilla			
otsaa			
ja			
ohimolla			
paleltaakin,			
ja			
asia			
olisi			
tentics.autettu			
latin			
pitäinisellä,			
ci			
sitä			
moi			
päähänsä			
panna,			
tun			
muutkaan			
eiwät			
niin			
tee.			
Senrauksena			
sitten			
ivoiivat			
olla			
ankarat			
pääntnvistykset			
y.			
m.			
tiwut,			
joiden			
oikeata			
syytä			
ei			
osata			
hakea.			
Rawinto			
on			
ihan			
»uälttäulätöntä			
jokaiselle			
elolliselle			
olennolle,			
senhän			
»ne			
hyiuiii			
tiedänime			
sillä			
ilman			
sitä,			
täivisi			
meidän			
samalla			
taivalla			
tuin			
mnstalaisen			
heivosen,			
Mntta			
sitäkin			
»voidaan			
ja			
täytetään			
useasti			
niin,			
että			
se			
saattaa			
ivahintoa			
mattaan.			
Henkilö,			
joka			
ci			
tee			
työtä			
eitä			
juuri			
missään			
liitu,			
siiö			
ivaan			
lujasti			
ja			
usein,			
tnlce			
ennemmin			
tai			
myöhenlnnn			
sairaalloiseksi.			
Lääkkeitä			
sitte			
käytetään			
hyiväii			
terlveydeil			
tataisin			
saa»nisetsi,			
»lutta			
huonolla			
menestyt»			
sellä,			
ellei			
sairauden			
syylä			
poisteta.			
Ia			
mitä			
kaittea			
sitte			
sopimattomani			
ruokain			
täyttö			
maituttaa?			
Torttujen			
ja			
taitenlaisten			
makeisten			
liiallinen			
syönti			
iuahwelnman			
rawinnon			
kustannuksella			
hcitontaa			
ehdottomasti			
elimistöämme,			
»vieläpä			
saattaa			
siihen			
tipujatin.			
Kuinka			
harwinaisia			
owat			
sellaiset			
henkilöt,			
joilla			
on			
auvau			
ehjä			
hamnlasratennus?			
Mutta			
emmeköhän			
monasti			
itse			
jollain			
tcnoalla			
pilaa			
niitä,			
kun			
emme			
niille			
osaa			
mitään			
arivoa			
antaa			
niin			
kauan,			
kun			
»e			
owat			
teriveet.			
Emme			
ainakaan			
hoida			
niitä			
niinkuin			
pitäisi.			
Lääkärille			
täytyymontai			
lanttia			
niidenkin			
lähden			
kuljettaa^			
ja			
maitta			
taitawnZtitin			
korjaukset,			
tehdään,			
ei			
hampaista			
sentään			
koskaan			
tule			
alkuperäisteu			
arwoisia.			
Mutta			
entäs			
mitä			
kaikkea			
juomain			
määrin			
täyttämisellä			
aitaan			
saadaan?			
Pnhdas			
mesi			
ei			
tosin			
mitään			
pahaa			
»vaikuta,			
sillä			
kellään			
ei			
taida			
olla			
halua			
sitä			
juoda			
niin			
paljoa,			
että			
siitä			
sairaaksi			
tulisi.			
Mutta			
onpa			
sellaisia			
juomia,			
jotka			
jo			
mahankin			
nautittuna			
o»uat			
»vaarallisia,!			
ja			
joita			
sittekiu			
juodaan			
enemmän			
kuin			
nahka			
ivetää.			
Luonto			
ei			
tälläkääu			
alalla			
ole			
waroitulsia			
antamatta,			
ivaan			
se			
heti			
ilmoittaa,			
että			
mnrkkyä			
on			
nautittu,			
scnraa			
kohta			
cnsimäisiä			
pikareita,			
ja			
jollei			
siltä			
apua			
ole,			
seuraamat			
ankarammat			
huomautnkset.			
Kukapa			
»väkijuomani			
nauttia			
ei			
tuntisi			
niitä			
»nonia			
seppiä,			
jotka			
päässä			
alkamat			
jyskyttää			
juppotteleniisen			
jälkeen.			
Jos			
näistä			
huolimatta			
jatkaa			
maan			
samallaista			
huonoa			
elämää,			
nostaa			
luonto			
punaisen			
hätämerktinsä			
juopottelijan			
nenälle,			
eltä			
muutkin			
huomaisuvat			
sen			
maarcm,			
missa			
tämä			
ihmisrankka			
on.			
Kun			
ei			
mistään			
apua			
ole,			
aletaan			
rangaistuksia			
komentaa			
useasti			
siten,			
että			
ruumis			
»vähitellen			
riutuu,			
josta			
ennenaikainen			
kuolema			
seuraa			
taikka			
rangaistaan			
rikoksen			
tekijä			
heti			
kuolemalla.			
Paitsi			
»väkijuomilla,			
»voimme			
ruumiimme			
turmella			
muillakin			
kiihoitus-aineilla,			
»vaikka			
turmeltuminen			
tapahtuukin			
hitaammin			
kuin			
niillä.			
Sellaisia			
aineita			
on			
m.			
m,			
tupakka,			
jota			
täyttäjäänsä			
ei			
myöskäänaiivan			
rauhaan			
jätä.			
Irstaisuus,			
yöwalmomisel			
ja			
kaitenlai			
set			
liikarasitukset			
tuottamat			
turmiota			
heikontam			
elimistöämme			
ja			
lyheiitäen			
ikäämme,			
emmekä			
me			
moi			
asiata			
auttaa			
millään			
»voiteilla			
eikä			
lääkkeillä.			
Paras			
keino			
säilyttää			
ruumiimme			
terweenä,			
on			
se,			
että			
teemme			
ahkerasti			
työtä,			
joka			
oilkin			
meille			
siunaukseksi			
annettu,			
nantimme			
tarpeellista			
lepoa			
ja			
käytämme			
ranuntoaineita			
kohtuullisesti,			
sekä			
mietännne			
muuten			
säännöllistä			
ja			
puhdasta			
elämää.			
Kuinka			
moni			
näineläen			
olisikaan			
saanut			
pitää			
teriveen			
rnumiin			
ja			
sielunkin,			
ja			
kuinka			
moni			
olisi			
»välttänyt			
ennenaikaisen			
kuoleman!			
Gmme			
tultenkaan			
saa			
luulla,			
että			
meidän			
omassa			
Mallassamme			
on			
elämä			
ja			
kuo			
lema,			
sillä			
emmepä			
me			
lvoi			
yhtään			
hiusta^			
mustaksi			
tai			
lvalkeatsi			
tehdä.			
Jumalan			
kädessä			
on			
kaikki			
malta,			
ja			
Hän			
moi			
kutsua			
meidät			
tuomiolle,'			
milloin			
sen			
parhaaksi			
näkee.			
Mutta			
Hän			
on			
myös			
antanut			
meille			
»vavauden			
menetellä			
lahjoittamansa			
ruumiimme			
kaussa,			
miten			
Halilamme.			
Hän			
kyllä			
kehoittaa,			
kutsuu			
ja			
waroittaa			
oikein			
elämään,			
mutta			
jollemme			
sitä			
tottele,			
niinsaamme			
tehdä			
oman			
mielemme			
mukaan			
kunnes			
rangaistus			
seuraa.			
Olen^puhunut			
tässä			
ivaan			
maallisesta			
majastamme,			
joka			
kyllä			
täällä			
eläessämme			
on			
meille			
arwokas			
mutta			
paljoa			
talliimpion			
ja			
pitäisi			
meillekin			
olla			
sielumme,			
koska			
sen			
me			
säilytämme			
tulemaa			
elämää			
warten.			
Olisi			
siis			
ennen			
kaikkea			
huolehdittuina			
siitä			
miten			
»voimme			
sen			
säilyttää			
terweenä,			
ettei			
se			
saisi			
rikkoontua			
ja			
siten			
kadottaa			
sitä			
armoansa,			
jonka^			
Luojamme			
sille			
on			
antanut.			
Mutta			
jollei			
ruumiimme			
ole			
terwe,			
niin			
ou			
henkemmekin			
sairas			
sentähden			
on			
huolta			
videttäiuä			
myös			
jälkimäisestä,			
silla			
sikloin			
»voimme			
huolehtia			
edellistäkin.			
Niinpä			
»vanhat			
kreikkalaisetkin			
sanoiivat,			
ettäteriue			
sielu			
asuu			
ter»veessä			
ruumiissa."			
Wäinämölslstä,			
säätyä".			
Hän			
oli			
maan			
köyhän			
torpparin			
tytär,			
ei			
siis			
sukunsa			
eikä			
armonsa			
puolesta			
sellainen			
ihminen,			
jolla			
pa>			
rempain			
ihmisten			
käsityksen			
mukaan			
olisi			
ollut			
minkäänlaisia			
oikeuksia			
ja			
welwollisuutsia			
tässä			
maailmasia.			
Welwollisuus			
sentään			
yksi:			
uhrata			
työnsä			
ja			
»voimansa,			
terweytensä			
-^			
niin,			
kaikki			
Nbiden			
parempiosaisten			
hywälsi.			
Jo			
»uorena			
joutui			
hänlotolisa			
lä>			
hellä			
sijaitsemaan			
tehtaaseen			
työhön.			
Täällä			
oli			
paljon			
muitakin			
hänen			
wertaisiaan			
täytymässä			
yhteiskunnallista			
»uelivollisuuttoan			
raataa			
toisen			
hymätsi			
ja			
eduksi.			
Kuten			
taivallista			
suuresla			
nuorisojoukossa,			
malliisi			
näidentin			
keskuudessa			
hilpeä			
mieliala.			
He			
täwiwät			
nurkkatansseissa,			
oliwat			
tuottll>uierai»a			
häissä			
ja			
wiettiwät			
joutoaitoinnan			
laitin			
puolin			
yltiömäistä			
elämää.			
Täniä			
kaikki			
ei			
kuitenkaan			
hän»			
ta			
tyydyttänyt,			
loska			
hän			
tunsi,			
että			
tuollainen			
elämä			
ei			
ollut			
siiveellistä			
eitä			
oikeaa.			
Hän			
halusi			
jotain			
pa			
rempan,			
janosi			
jotain			
korkeampaa.			
Mistä			
löytää			
tyydytystä			
janolleen'/			
Teudun			
parempiosaiset			
ulimat			
peru			
tmiees			
senra",			
jonka			
tarkoituksena			
oli			
simistutlei'			
ja			
ihanteellisuuden			
lemittäiuinen,			
sanalla			
sanoen,			
kaikkien			
jalojen			
pyrintöjen			
edistäminen			
nuorison			
leskuudessa.			
Entäs			
jos			
menisi			
tuonne			
katsomaan,			
onko			
siellä			
jotain,			
joka			
tyydyttäisi.			
Hau			
menee,			
käy			
tuon			
seuran			
kokouksissa			
ja			
iltamissa,			
kuulee			
siellä			
puhuttaman			
suu			
rista			
miehistä,			
jaloista			
aatteista,			
joista			
hänellä			
ci			
ennen			
ole			
ollut			
aa«istostataan.			
Paljon			
uutta,			
ihanaa			
ja			
kaunista			
saa			
hän			
nähdä			
ja			
kuulla.			
Hän			
imee			
itseensä			
kaiken			
tuon,			
hän			
terrassaan			
hurmaantuu			
Toisella			
kerralla			
saa			
hän			
jonkun			
towereistaantiu			
tulemaan			
mukanaan.			
He			
liittymät			
seuraan			
jäseniksi,			
päästen			
siten			
nauttimaa»			
kaitlia			
jäsenen			
oitculsia.			
Mutta,			
mitä			
nyt?			
Heistä			
tun>			
tuu			
oudolta			
tuo			
uusi			
scurapiiriusä.			
He			
tahtoisiwat			
ottaa			
osaa			
seuran			
toimintaan,			
mutta			
tuntuu			
siltä,			
tuin			
eiwät			
he			
missään			
kohden			
osaisi			
olla			
toisten			
jäsenten			
arwoisin.			
Jos			
he			
jossain			
tapauksessa			
sattumat			
tekemisiin			
jonkuu			
toisen			
jäsenen			
kanssa,			
metäytyy			
tämä			
heistä			
erilleen.			
Kukaan			
ei			
lausu			
heille			
yhtään			
ystäwällistä			
sanaa			
He			
»vähitellen			
»vieraantumat			
seurasta,			
rupeamat			
taas,			
tomeriensa			
esimerkkiä			
noudattaen			
käymään			
nurkkatansseissa			
ja			
muissa			
sentapaisissa			
tilaisuuksissa,			
jotta			
he			
kuitenkin			
tietämät			
epäsimeelliseksi.			
Mutta			
mikäs			
auttaa?			
Jotain			
huiviahan			
sitä			
pitää			
olla,			
jos			
ei			
aiua			
niin			
hywääkään.			
Kuitenkin			
tuumilvat			
he			
joskus			
it>			
selseen			
syytä			
siihen,			
että			
heidät			
melkein			
estetään			
ottamasta			
osaa			
siwistystyuhön,			
että			
heidän			
pyrintöjään			
ylöspäin			
ei			
luuniuiteta.			
He			
omat			
sitä			
huonompaa			
säätyä,			
heidän			
snvistystarpeensa			
ei			
ole			
niin			
suuri,			
heidän			
intonsa			
ihanteiden			
saanmttamisetsi			
niin			
pyhä			
kuin			
noiden			
toisten			
n.			
s.			
parempani			
ihmisten.			
?He			
kuulumat			
siihen			
muuhipuktien			
laumaan"			
j,			
n.			
e.,			
sanuo			
Niimmi'			
Mturi»			
Esku,	per		
E^^^^W			
suu			
anteri			
..No			
Kekfelijäs.			
Röinmi^W^^W			
Liisa,	per		
panitto			
kirjeeni			
Liisa:	per		
,MM!"			
R,:			
»Mutta			
kuinka			
tuot			
sitte»			
L.			
,Mimi			
pisti»			
kirjeen			
postilaatikkoon			
ettei			
kukaan			
nähnyt."			
tns			
Blecl			
c'!,			
miie.			
!>ee			
tne			
«lecl			
Biide			
on			
me			
ice.			
/2,N6			
lilce			
tl^i«			
nice			
ri6«.			
l<.tte			
I^in6			
i»			
2,			
niee			
cnilcl.			
!>nc!			
NAB			
nve			
vvnite			
mice			
in			
v,			
vvire			
cu^e.			
Inc			
mice			
nre			
not			
Inc			
mice			
6e«,t			
pie			
ancl			
riee.			
lne			
cat			
vvill			
fincl			
tne			
mice.			
s>l».e			
i^			
mine.			
Kate			
ancl			
ate			
nins			
ripe			
pium^.			
Ol'vol'MNlN!!^,			
>>Lcrn			
()'M«5'			
miici			
ocn			
vänlij''.			
llun			
nl>,r			
6N			
tvlirpipcl,			
ocn			
en			
clrlllcs,			
Djein			
mä,			
ridu			
pä,			
clennli			
iinll			
«läcle.			
lim			
vill			
IMM)			
(«kuiku)			
8läcl«n			
«n			
mil.			
8e			
»läden			
»lintll,			
88			
nuru			
«läclen			
Biintl>,r)			
pä,			
»8«n.			
Djein			
vill			
sBlcM)			
tvcl<^			
om			
clennll			
pr^lcti^Ä,			
riclt,			
Keitt			
lilincl			
är			
«tt			
rilrt			
s^nälltj			
uiirn.			
Ilon			
nlir			
fem			
nv!t<>,			
moBB			
en			
met^llt!3,clBllur.			
aro			
ielce			
vilcia,			
äru			
pu^tL^			
ocn			
ri^rvn.			
Kätten			
vill			
nnnu			
möBBen.			
lion			
är			
min,			
Xeitt			
ocn			
jiiZ-			
Z,tu			
nio			
mo^nl,.			
Ro^Ltiliu»			
>!,			
nice			
cni'l6,			
>^etn			
15			
mil6			
an			
kinci.			
like			
nim,			
,^>etn			
ancl			
ri6e			
ancl			
»licäe			
on			
tlie			
ice.			
lne			
tine			
.^lecl			
18			
inine.			
!>etn			
naB			
kite,			
2,			
tifn			
ancl			
nine			
vv^nitS			
»nskp.			
vvill			
fincl			
I^i«			
BNL«p.			
»««			
tivL			
mio6			
in			
vvirs			
c,a^e.			
In			
mice			
liku			
rice			
lln6			
pi«.			
Iviltc!			
llin6			
CÄN			
j^6t			
vvilcl			
plum»			
cl			
mil^			
oi?.			
X,Sirt			
lluinci			
kiln			
ti^n			
vilcla			
plommon			
<?n			
mil			
dortu			
<fr«,n			
on			
mil>!			
llt^tclnci).			
'I'I»e			
plumB			
nre			
ripe.			
ice			
nf«			
«at			
like			
NNe			
kitu			
li6n			
vvire			
lausutaan			
X.			
alBB			
lcllss			
iitt			
laikk			
sain			
kaitt			
raid			
NIUBB			
kainä			
!^.lliBB'			
Mclil			
maild			
Blaid			
Bis<ä6			
3k6tN			
D^ein			
pm			
taiv			
faincl			
riUBB			
raipp			
NÄIN			
u-ailcl'			
main			
u-air'			
tjailä			
u-aitt'			
Heiliä			
IleiH			
pidin»			
luento.			
ln«ricits66			
)aa			
3oittopilli			
Bvön,			
Bvövät			
piclän,			
pitää			
nieno,			
Boma			
lei^a			
latBclBtUB,			
ratBcl3-			
taa			
oivallinen			
VBtävälllN6N			
penikulma			
ikMpeä,			
liukua,			
luistaa			
reki			
nimi)			
nimi)			
paBt6i'ja			
vii«i			
(5)			
löytää			
riiBirvvniä			
KvpBvnvt			
vnclekBän			
sg)			
KeBvtön,			
vnlli			
minun			
M6tallllanl<a!nsn			
niiriä,			
niiret			
lap^i			
valkoinen			
sukunimi)			
näklii			
luumuja			
mic«			
enilä			
plum»			
3«tn			
i»			
mil6			
anci			
kina.			
lls			
na«			
tile			
anä			
ll			
kite.			
mu/			
6«			
an			
tnis			
kno			
«Ikä.			
I^le			
>vM			
»liäe			
I^uitukirj»,			
Tammikuun	tim		
jälkipuolisko.	tim		
N:o			
1900.	tim		
Tyrwään	org	crp	
Sanomat	org	crp	
Wraaminen,			
reunussirllelillä			
Varustettu			
saha,			
jauho»			
mylly			
ja			
pärehöylä			
Myllymaassa	loc	ppl	
Sahan	bloc	gpl	
koskessa	loc	gpl	
noin			
kilometriä			
talmitietä			
Tyrmään	loc	xxx	
asemalta	loc	xxx	
tarjotaan			
arwoisan			
yleisin			
läytettämäkst.			
Hirsi			
lemäällä			
sahattamalsl			
ja			
pärepuita			
kattopäreiden			
höyläämistä			
warten			
ottaa			
mylläri			
sahalla			
nastaan.			
Käyttöpaikat			
omat			
kohtuulliset,			
sahauksesta			
50			
penniä			
keskikokoiselta			
hirreltä.			
Tyrwiiän	org	crp	
Sanomain	org	crp	
tilaus-			
ja			
jatopaikat			
Tylwäällä	loc	ppl	
omat			
paitsi			
Postikonttoori			
seuraamat:			
Rouma			
Ida	tit		
Pallosella,	per		
Kauppias	tit		
E.	per		
S.	per		
Toimosella	per		
Vammalassa,	loc	ppl	
Kauppiailla	tit		
Frans	per		
Lehtosella	per		
ja			
Nes»			
tori			
Teerellä,	per		
Leipuri	tit		
Liljeroos'illa,	per		
Apteekissa,			
Opettaja	tit		
K.	per		
Vesalalla	per		
Sammaljoella,	loc	ppl	
Kauppiailla	tit		
E.	per		
Nurmilla	per		
ja			
Koskisella	per		
Storminky.	loc	ppl	
lässä,			
Kirkkomäörtti			
K.	per		
Prusilla,	per		
Kauppias	tit		
O.	per		
Hyrtillä,	per		
Maanmiljeliä	tit		
A.	per		
Toimolla	per		
ja			
Kauppias	tit		
E.	per		
Puuskalla	per		
Houhalassa.	loc	ppl	
Olmtolaupalla			
joka			
pidetään			
tiistaina			
Helmikuun	tim		
27	tim		
päimänä,	tim		
Näntölän	loc	ppl	
Ylisten	bloc	ppl	
tor.			
passa,			
myydään			
Aleksanter	per		
?)l>sten			
jälkeen			
jäänyt			
omaisuus			
jota			
on			
Hemonen,			
lehmiä,			
nuorta			
karjaa,			
lampaita,			
miehen			
käyntimaatteita,			
huone			
ja			
ajokatuja,			
asuinrimi,			
talli			
ja			
aitta,			
y.			
m.			
Tyrmää	loc	ppl	
Tammikuun	tim		
13	tim		
p.	tim		
1900	tim		
K.	per		
Viitanen.	per		
toimitusmies.			
Tästä			
lähin			
jätetään			
ilmoituksia			
ja			
kirjoitu!			
sia			
Tyrwään	org	crp	
Sanomia	org	crp	
warten			
joko			
kirkonkylän			
kansakoululle			
taikka			
kauppias	tit		
Frans	per		
Lehtoselle	per		
Wammalassa,	loc	ppl	
Viimeistään			
lau»			
w'an			
tai			
sina.			
k.^»MllG			
Kirjapaino			
suo^ttaa			
l!«l^eiial«l'«			
«iaiis			
iöM			
«esti,			
«»/,e«sti			
/a			
/t«lv«tt«			
n».			
m.			
laipoin			
Hl'«iom			
nelien.			
2»			
«Hansson			
Konttoon			
ja			
kirjapaino			
läntinen	loc	str	
pitkäkatu	loc	str	
I>f:o			
2Z.			
'leielooni			
2IZ.			
IXlväällä			
ottaa			
tilauksia			
va»-taan			
6>^etta/'a			
Os^a,-»			
säcke^oim			
Zola			
haluaa			
"MH			
jotakin			
neumoa			
ja			
Hhjausla			
opetel»			
lessaa»			
Englannin			
kieltä,			
saapi			
sitä			
ilmaiseksi			
kuittina			
Lauantaisina	tim		
kello	tim		
12?2	tim		
päimällä	tim		
Kirkonkylän			
kansa,			
koululla.			
Kaikki			
termetulleet!			
O.	per		
Söderholm.	per		
Ilmoituz.			
Hautajaisissa			
Apteekissa			
töman			
kuu»			
waihclti			
joku			
Kriminnah,			
laiset			
gumlni-päällyssaappaat			
toisiin			
joissa			
ei			
ole			
Kriminnahkaa.			
Erch^			
dys			
pyydetään			
lor>aamaan			
Apteetis^			
sa.			
Adolf	per		
Hellman^	per		
gm			
MH			
p^?			
5mM			
willa			
ja			
puuwilla			
lan			
(^			
Liinninlt			
lanlaita			
y.			
m,			
en.			
Ruisjauhoja,			
Nisunliisiii,			
Perunoita			
suuri			
y.			
M.			
hinnat			
halwilnmat			
Frans	per		
Lehtonen.	per		
ta			
"^?"			
v^"^			
'^^'^^«^			
,^^^^^^'			
I^>^H^7-,^»-<k">/"l^^-			
lluuiutus.			
Pailtakunualta			
poismuuttamisen			
tähden			
myydään			
sisäänostohinnoilla			
ja			
allekin			
kaikenlaatuisia			
Tasku»,			
Seinä»,			
Herätys»			
ja			
Soittokelloja,			
Kellonperiä,			
hopeaisia,			
nikkelisiä,			
talmisia			
y.			
m.			
Krawattineuloja,			
sydänmedaljonkia,			
kaikenlaisia			
awaimia			
ja			
koristeita.			
Lasia,			
wietereitä,			
txsinottain			
ja			
ylsittäin.			
Tehkää			
ostoksenne			
niin			
pian			
luin			
suinkin,			
sillä			
saatte			
helpolla			
niin			
kauan			
kuin			
riiltää.			
Tyrwään	loc	ppl	
Wammalassa	bloc	ppl	
Kunnioittaen			
)lugusti	per		
Aalto.	per		
Huom.!			
Samassa			
talossa			
kuin			
Poslitoimisto.			
!,»>^<			
K«N»»»			
V33N			
V.^»V«ÄW,VV			
suom>Mlöön			
henkiwakuut»ksia			
ja			
M-			
«ullelvovlitiöön			
Asiamies,			
tapaturmawakuutuksi»			
wastaan			
ottaa			
Tylwäällä	loc	ppl	
opettaja			
s.			
Kunnari.	per		
s»«N			
,UVUWUHMUOM?««W»»			
Tyrwään	org	crp	
Sanomain	org	crp	
painos			
on			
600			
kappaletta'.'			
Ilmoitus.			
Ilmoituksia			
ja			
kirjoituksia,			
jotka			
lähetetään			
suo»			
rastaan			
kirjapainoon,			
Tyrmään	loc	ppl	
Sa>			
nomiin			
painettllwitsi,			
ei			
paineta			
e^			
leimat			
ole			
allekirjolttaneen			
omakoti»			
sellä			
nimikirjoituksella			
marustetut.			
O.	per		
Söderholm.	per		
Niitä			
»Moisia			
Tyrmään	org	crp	
Sanomain	org	crp	
tilaajia,			
jotka			
eimät			
itse			
halua			
käyttää			
tässä			
lehdessä			
ilmestywää			
Englanninkielen			
oppikirjaa,			
huomautetaan			
että			
se			
olisi			
kaikissa			
tapauksissa			
irtileikattawa			
ja			
säilytettäwä,			
sillä			
siitä			
tv»			
lee			
noin			
m.			
50			
p.			
maksama			
kirja			
Suuren			
rahanpuutteen			
tähden			
myyn			
minä			
S.	per		
Lepistö	per		
wal>			
mista			
nahkaa			
tänä			
muonna			
karwasen			
hinnalla.			
Oulun	loc	ppl	
pohjanahlaa			
kymmentä			
penniä			
mähemmällä			
kilon			
luin			
missään			
muualla.			
Plltiilianpäällisiii			
niinikään			
halwimmalla.			
S.	per		
Lepistil.	per		
EyrViiÄsmllllll»			
stlllllllva			
numero			
ilmestmKesliwzillonll			
Helmilmm			
PM.			
XI.			
lektion.			
det^<ä«r			
Uttcllll»			
a,			
nck			
BZ,			
jfcUNM^l			
rep			
ok			
dexxe			
dut			
(tillnilmn)			
liomiict			
Icöräs			
«purt,			
1t»1<			
«^en.			
«'»'rt			
«no,			
«nuj^u			
den			
N6IN			
«NÄU			
i)Z,UN			
nä,ä,ni			
mi»,ä,r			
kävi			
O-ilitt'			
filir			
inslå,			
mer			
ciriBtiss			
lcol			
6öi-r			
(tillnamn)			
elä			
vinä			
u-in<H^			
OK			
«ee!			
tniB			
i»			
80			
droll!			
l>ee			
il			
8"oat,			
cl			
)^oke,			
ll			
rope,			
ane!			
Ll			
doat!			
Ksc!			
(I^ole			
clrove			
an			
olcl			
I^eä			
ancl			
KoBe			
dntn			
Bat			
in			
tne			
di^			
doat.			
lne			
ol<l			
ssoat			
ma6e			
tne			
doat			
l<o^e			
ancl			
Kecl			
dacl			
ime			
»port.			
I'a^e			
VVnite			
i«			
at			
ni«			
n^n			
nome.			
llu			
c^an			
near			
tn«			
culci			
vvincl			
dlovv.			
lne			
Kre			
i^			
not			
lovv,			
lne			
coai			
>vill			
z^lnvv.			
I.et			
it			
Bnu^			
more			
ancl			
more.			
"lne			
dolci			
»lozf			
naB			
done.			
!«			
tlie			
6o^			
at			
tne			
cloor?			
I^u.			
Hul»Nl'I!!!NX			
Oi			
Icut^olcui,,			
tinnÄ,			
on			
niin			
Icoumilli»tu!			
!<llt«nl<ciil			
vuonta,			
i«!,tä,			
l<ö^ttli			
jci,			
venettä!			
Xeed			
Koul			
l^ui			
vilnllilil			
vuontl».			
I^eecl			
l<uuB			
i»tuivllt			
molsmmilt			
BuureB!>il			
veneessä.			
VVilnnu			
vuoni			
»clilttoi			
veneen			
l<ul!iemililn.			
l<nus'ill:l			
jl»,			
Xeeci'illä			
oli			
llieno			
urneilu.			
?eisl^			
I^-uitt'			
on			
omil^^u			
lcocli^^uun.			
lllN			
voi			
liuullil			
kvlmlin			
tuulen			
z,ud2ltilvlln.			
luli			
<linklci)			
ei			
ole			
miltllla			
<pieni),			
lliilet			
tulevat			
l<vtemään,			
vnä			
enemmän			
lunta.			
!<s>nl<e!llln			
lcoiraliil			
on			
luu.			
Onko			
koira			
ovella?			
?^i.			
X<>Vt!>U^<			
Oli,			
it			
i>i			
»n			
cirull!			
Inc			
nlcl			
macle			
daat			
j^-u,			
>oke			
an			
rope.			
Ko«e			
i^ale			
anä			
Xe6			
»at			
in			
tne			
dnat.			
ancl			
ne			
clrove.			
l^otn			
liacl			
(molemmilla			
oli)			
mure			
«port			
cm			
tlie			
I'iljfp			
VVnite			
can			
llc».li-			
tnt>			
cul6			
dici^v.			
3noM			
i,^«			
ilt			
tn<?			
cinur.			
Il«i«			
nt			
ni»			
oxvn			
n«m6.			
ill!,			
iir«			
i»			
not			
lu^v.			
Ili^i			
rnlli			
>vill			
ffinvv.			
Int'			
t,»!UI			
»l»»l>I!ll			
lilVlillil.			
Vllillkl!			
»!!»!!,			
NN			
ori			
»wikiNx			
ill			
!,<>			
li!i,!»i--t.»>t»»!>			
l^ri			
>!>il!ll,			
B<''!N!!!s>i«!l>			
Xl>»«,ill			
uvnt			
n^ii,!,:			
/<«<'«			
(!>iiv			
tiUlllil,			
UW«N,			
,"<>!<!>			
/«««<'			
lliiir!			
>--:			
ku!i!>!>,			
»ii»			
invlw			
>^<!U>!			
«nli>n>!>»!,			
xolvll			
enni			
<kc»i!>			
liiili,			
!>iill't.			
o»			
,»!>!>!			
Ll			
M»>i»lMlll1,			
»>v<>«			
uvnt			
t,n!ls>!<l»l!s>^			
lo»			
io			
Ulin»!			
l»x!>			
ollut			
/«/^M^^i»^>l<ll.			
vi,,!j!!			
,l			
l.			
Tuma»!!			
Simmt			
1900.	tim		
N:o			
2.			
Tammikuun	tim		
jiMuolisko.	tim		
I»«P««ell»,			
<».s«,l<m»lon			
Tilaushinta			
Toimitulsen			
jo			
laillien			
asiamiesten			
luonaZ			
Tyrw««ll«,			
se.			
Ll			
Herrain	tit		
G.	per		
E.	per		
Jansson	per		
j»			
Kumvp.			
liljapainoss»			
Tampe»			
reella			
ml.			
20			
p:i«,			
ynnli			
lailiss»			
maamme			
po«tilo»tt>,°.			
reissä			
ml.			
50			
p:iä.			
Seitsemäs			
wuosikerta.			
Toimittajat	tit		
O.	per		
Söderholm,	per		
G.	bper		
Kunnari,	per		
K.	bper		
Prusi	per		
Ilmoituksia			
wll«tallna!ewlln			
pennin			
maklusla			
ensi			
l»			
pennin			
maksulta			
lehdrn			
muilla			
siivuilla,			
pienellä			
liiviltä.			
Kuolemanilmmtukset			
kehyksellä			
warustetut			
ml.			
Lehti			
ilmestyy			
tunkin	tim		
kuukauden	tim		
ensimmäisena	tim		
ja	tim		
kolmantena	tim		
Kestlwiiklona.	tim		
Päiwälista.			
Postilonttoori			
on			
amoinna			
AMpäilvinä:	tim		
110	tim		
10-1	tim		
a.	tim		
p.	tim		
ja	tim		
5?6	tim		
i.	tim		
P.	tim		
Sunnuntai-	tim		
ja	tim		
luhlapailvina:	tim		
klo	tim		
9?lo	tim		
a.	tim		
p.	tim		
ja	tim		
1-2	tim		
i.	tim		
P.	tim		
Aikataulu			
Postit			
lähtewät			
16	tim		
päiioästä	tim		
touto-			
kuuta			
1899	tim		
toistaiseksi.			
Joka			
päiwä:			
klo			
itään			
päin			
menemästä			
ju>			
nassa			
ja			
No	tim		
3,,	tim		
i.	tim		
länteen			
päin			
menemässä			
junassa.			
Maanantaina:	tim		
No	tim		
10	tim		
a.	tim		
p.	tim		
Stormin	loc		
lautta			
Sam»			
maljoelle.			
Tiistaina:	tim		
110	tim		
i.	tim		
p.	tim		
Stormin	loc	ppl	
kautta			
Kärp			
palaan.			
TuorStaina	tim		
110	tim		
a.	tim		
p,	tim		
Punlalaitumelle	loc	ppl	
ja			
klo	tim		
i.	tim		
p.	tim		
Stormin	loc	ppl	
lautta			
Kärppälään.	loc	ppl	
Perjantaiua	tim		
klo	tim		
10	tim		
a.	tim		
p.	tim		
Stormin	loc	ppl	
lautta			
Sam»			
maljoelle.			
Lauwantaina	tim		
klo	tim		
i.	tim		
p.	tim		
Slormin	loc	ppl	
kautta			
Kärp>			
palaan.			
Kirjelaatilko			
tyhjennetään			
aina			
mahan			
ennen			
postin			
lähtöä.			
Kirkkoherran			
kanslia			
on			
awoin>			
na			
joka	tim		
arkipaimä	tim		
kello	tim		
10?12	tim		
piimällä.			
Postijuna			
lähtee			
jola			
päiwä:			
Porista.	loc	ppl	
lello	tim		
ii^^W	tim		
?4	tim		
e.	tim		
pp	tim		
P^			
Lähtee			
Tyrwaältä	loc	ppl	
Saapuu			
Tampereelle	loc	ppl	
1,01			
2,«			
2,,2			
4,38			
PoStijuna			
lähtee			
joka			
päiwä:			
Tampereelta	loc	ppl	
kello	tim		
I,«n	tim		
j.	tim		
pp	tim		
Tulee			
Tyrmäälle	loc	ppl	
3,3?			
Lähtee			
Tyrmäältä	loc	ppl	
3,«			
Pei^			
obiasta			
Saa			
Uv			
PonM			
6,45			
Stkajuna			
lähtee			
jola			
päimä^			
Porista	loc	ppl	
kello	tim		
ZD^	tim		
,2°	tim		
?pp	tim		
Per			
ohjasta			
6-			
N-			
on			
täällä			
yötä			
ja			
lähtee			
aamulla			
Saapuu			
Tampereelle	loc	ppl	
6?			
e.			
pp			
5,,»			
e.			
pp			
B,<°			
Selajuna			
lähtee			
jola	tim		
päiwä:	tim		
Tampereelta	loc	ppl	
Tulee			
Tyrmäälle	loc	ppl	
..^^^^M			
on			
täällä			
yötä	tim		
ja			
lähtee			
aamulla	tim		
Lähtee			
Saapuu			
5.--7..7			
9,			
-°			
Aseman			
kaikki			
toimistot			
owat			
yleisölle			
awoinna			
seuraamina			
ai»			
koina:			
Arkipäiwina:	tim		
klo	tim		
4,20?6,	tim		
ja	tim		
42	tim		
a.	tim		
p.	tim		
sekä	tim		
2-5	tim		
ja	tim		
8-9	tim		
j.	tim		
p.	tim		
p.	tim		
Sunnuntai-	tim		
ia	tim		
luhla-	tim		
päiwinä:	tim		
lello	tim		
8-9	tim		
a.	tim		
p.	tim		
ainoastaan			
helposti			
pilaantumille			
tamaroille.			
loulupäiminä,	tim		
uudcnmuodenpäimänä,	tim		
pitkäperjantllina,	tim		
pääsiäispäimänä,	tim		
helatuorstaina	tim		
ja	tim		
hellunlaiuäiivänä	tim		
ei			
harjoiteta			
mitään			
toi»			
mitusta.			
Me>'twä			
rahtitawar»			
on			
sisään			
jätettämä			
(hymissä			
ajoissa)			
ennen	tim		
lello	tim		
9,3»	tim		
e.	tim		
pp.	tim		
Pikatawaraa			
tunti			
ennen			
ju>			
nan			
lähiöaitaa.			
Uloswientiwoi			
on			
sisäänjätettämä			
Keskimiitloisin	tim		
ennen	tim		
kello	tim		
j.	tim		
p.	tim		
Pilettien			
myynti			
matkustajia			
marten			
ulotetaan			
puoli			
tuntia			
ennen			
junain			
tuloaikaa			
ja			
lopetetaan			
minuuttia			
ennen			
junain			
lähtöaitaa.			
Rautatieaseman			
postiasema:			
on			
yleisölle			
amoinna			
yllä			
olemina			
toimitus			
aikoina.			
Kirkollisia			
ilmoituksia.			
Papiston			
saarnawuorot			
Tammi»			
kuulla			
1»U«,			
S.			
Loppiais.	tim		
Piston			
Törnmall	per		
uäimäsaarnan,			
Kirkkoherra	tit		
Bäck	per		
Sammaljoella.	loc	ppl	
S.			
Loppiais.	tim		
Pastori	tit		
Törnmall	per		
päimäsaarnan			
Kirkkoherra	tit		
Bäck	per		
Kiikussa.	loc	ppl	
Keruut			
kirkossa			
Tammikuulla.	tim		
S.			
Loppiais.	tim		
Kirkolle.			
S.			
Loppiais.	tim		
Kirkolle.			
KMutlls.			
Wuoden	tim		
1900	tim		
lukukinkerit			
Tyrmään	org	crp	
emäsmrntunnassa	org	crp	
pidetään			
seuraamassa			
järjestyksessä:			
Tammikuussa:	tim		
Tuorstaina	tim		
18	tim		
p:nä	tim		
Nautaniemen	loc	ppl	
lahoossa			
Hautamäen	loc	ppl	
torpassa			
Perjantaina	tim		
19	tim		
p:»a	tim		
Kallion	loc	ppl	
la>			
hoossa			
Harjunpään	loc	ppl	
torpassa.			
Lauantaina	tim		
20	tim		
p:nä	tim		
Sammaljoen	loc	ppl	
lahoossa			
Kaarle	per		
Kuutin	per		
rusti			
tilalla.			
Maanantain»	tim		
22	tim		
p:nä	tim		
Kotajärwen	loc	ppl	
lllhoossa			
Salomäe»	loc	ppl	
torpassa.			
Tiistaina	tim		
23	tim		
p:nä	tim		
Kolun	loc	ppl	
lahoos»			
ja			
Pajulahden	loc	ppl	
torpassa.			
Keskimiitkon»	tim		
24	tim		
p:nä	tim		
Sahan	loc	ppl	
lahoossa			
Ahteen	loc	ppl	
torpassa.			
Tuorstaina	tim		
25	tim		
p:na	tim		
Myllymäen	loc	ppl	
lahoossa			
Sankarin	loc	ppl	
torpassa.			
Perjantaina	tim		
p:nä			
Waununperän	loc	ppl	
lahoossa			
Ojansimun	loc	ppl	
torpnssa.			
Tyrwää	bloc	ppl	
lonluluun	tim		
23	tim		
p.	tim		
1899.	tim		
Johannes	per		
Bäck.	per		
Kirkkoherra,			
Kaikki			
ne			
jotka			
omat			
makuuttaneet			
hemosensa			
minun			
kauttani			
Turun	loc	ppl	
hewosnia>			
luutus			
yhtiössä,			
tawisiwät			
alletirjoittaneelle			
suorittamassa			
muotiset			
»vakuutusmaksut			
muodelta	tim		
18!)9,	tim		
miimeistäänkin			
ensi			
Helmikuun	tim		
luluessa.			
E.	per		
Häkkinen,	per		
Vläinwälstäri.			
Esitykset			
1900	tim		
wuoden	tim		
waltiopäiwillä.			
Tähän			
saakka			
oivat			
seuraamat			
esitykset			
yywäksytyt			
tulemille			
lvaltlopälwille			
esitettäwäksi:			
1)			
»vesioikeutta			
koskeman			
lain			
säätämisestä			
2)			
erityisistä			
säädöksistä			
eräitten			
tuomarinwnkojen			
täyttämisessä			
3)			
asetuksesta,			
joka			
koskee			
tekolannoitusaineitten,			
walmistettujen			
rehuaineittei»			
ja			
kylwöwiljan			
kauppaa			
4)			
tuulaakimaksun			
perusteesta			
5)			
erityisten			
pankkilain			
pykälien			
muuttamisesta			
6)			
marojen			
määräämisestä			
1899	tim		
ja	tim		
1904	tim		
wuosien	tim		
waltiopäiwien			
menoja			
marten			
7)			
lulkarieu			
ja			
urkurien			
palkkojen			
järjestämisestä:			
Senaatti			
on			
esittänyt			
mahmistettawaksi			
seuraamat			
esitysehdotukset:			
1)			
tamaraleimaa			
koskeman			
helmik,	tim		
11	tim		
p:nä	tim		
1899	tim		
annetun			
asetuksen			
ja			
13			
tz§:n			
muuttamisesta			
2)			
erityisistä			
muutoksista			
ja			
lisäyksistä			
kirkkolakiin			
3)			
määrärahoista			
Ouluu	loc	ppl	
Tornion,	bloc	ppl	
Kuopion	bloc	ppl	
lisalmen	bloc	ppl	
ja			
Helsingin?Karjan	bloc	ppl	
ratojen			
rakentamista			
marten			
4)			
»valoa			
synnyttämien			
ja			
moimaa			
siirtämien			
sähkölaitosten			
rakentamisesta			
5)			
esitys,			
jota			
seuraa			
ehdotus			
asetukseksi			
Suomessa	loc	ppl	
kulkemien			
tarttumien			
eläintautien			
ehkäisemiseksi			
6)			
laista,			
joka			
koskee			
torpan			
muokraa			
ja			
maan			
käyttöoikeutta			
maalla			
?)			
osuustoimintalaista:			
8)			
laista,			
joka			
koskee			
laimanomistajan			
»vastuunalaisuutta			
ruumiinmammasta,			
joka			
kohtaa			
palmeluksessa			
olemaa			
merimiestä			
9)			
»verosta,			
joka			
on			
»naksettama			
miinan			
»valmistuksesta			
sekä			
sanotun			
meron			
käyttämisestä			
ja			
jakamisesta			
IN)			
mallasjuomasuostunnasta			
11)			
julkisen			
rekisterin			
laatimisesta			
niistä			
henkilöistä,			
jotka			
eimät			
kuulu			
maassa			
laillistettuun			
seurakuntaan			
12)			
leimasuostunnasta			
13)			
pelikorttisuostunuasta			
14)			
oikeuden			
kiinnittämisestä			
metsän			
hakkuuseeu			
toisen			
maalla			
15)			
amioliiton			
solmimisesta			
kun»			
nallisen			
miraston			
edessä			
16)			
oikeudenkäyntimaltuutetuista			
ja			
asianajajayhdistyksistä			
1?)			
torpparien			
oikeuden			
suojaamisesta			
kruunutiloilla,			
jotka			
muutetaan			
»verotiloiksi			
18)			
marojen			
määräälnisestä			
Suomen	loc	ppl	
sotamäteä			
marten			
tarwiltawiin			
menoihin			
»vuosina	tim		
1901?1904:	tim		
19)			
asetusehdotuksesta,			
joka			
koskee			
siirtolaisten			
kuljetuksen			
mälittämistä			
»vieraaseen			
»naanosaan			
20)			
maakaren			
12			
lulvun			
ja			
15			
lumun			
l			
muuttamisesta			
21)			
riitaoikeuksia			
koskemista			
muutetuista			
määräyksistä			
22)			
osittaisista			
»nuutoksista			
oikeudenkäyntikaareen			
23)			
erityisistä			
»nääräyksistä			
muu°			
toksenhaun			
suhteen			
alioikeuksien			
tuomiosta			
ja			
päätöksistä			
24)			
muutetuista			
määräyksistä			
rikosoikeuksien			
suhteen:			
25)			
warozen			
määräämisestä			
maamme			
kansakoulujen			
ylläpitämiseksi			
1901?1904	tim		
26)			
kulkulaitosrahastosta			
2?)			
tulemista			
rautatierakennuksista			
M^i«)			
zuotsewien			
kaasujen			
tulettamisesta			
ja			
säilyttämisestä.			
Kuntakokouksessa			
wiime			
luolu			
kuun			
Itj			
p:,!ll			
tllsiteltiin			
seuraamia			
asioita.			
(laltoa			
wiime			
n:roon).			
Kunnan			
kansakirjasto.			
Kirjastonhoitajan			
paltla			
<0			
mk.			
muita			
menoja			
70			
mk.			
yht.			
130			
mk,			
Sääsiöä			
ja			
tuloja			
38			
mk,			
maillin»			
li			
töylettämä			
kunnan			
kassasta			
92			
mk,			
yht.			
130			
mk.			
WiljelyslainarahaSto:			
Menoja			
12			
mk.			
sääsiö			
7,850			
ml.			
20			
p,			
yht.			
7,862:			
20.			
Lainassa			
7,3!			
ml.			
rahaa			
269			
mk,			
ja			
korkoa			
odotetaan			
278:			
20,			
yht.			
7,»62:			
20			
Waiwaisrahasto.			
Wai>			
masten			
ylläpitoon:			
rahassa			
3,700			
ml.			
wiliaa			
490			
hl.			
:,			
15			
mk.			
7,350,			
lääkärin			
apuun			
y,			
m.			
800:			
kier>			
tokoulun			
käyttämiseen			
200:			
luuromykkäkouluuu			
'^00:			
satunnais»			
menoja			
>,?00:			
yht.			
13,950:			
Säästöä			
3,327:			
17,			
hentimaksuja			
tulee			
2,150:			
pesänlirjoitnspiosentti,			
100:			
sak^rahoja			
20:			
maillinki			
kannettama			
8,3d2:			
83,			
yht.			
3,95.0:			
-.			
3)			
i-H			
talon			
hoito			
Juho	per		
Kuutille	per		
melkaa			
600:			
korkoa			
y.			
m.			
»nenoja			
476			
ml.			
kunnan			
rahastolle			
siirretään			
600:			
yht.			
1,676			
mk.			
Säästöä			
200:			
-,			
tuloja			
876:			
welka			
ehdoitetaan			
sei»			
somaksi			
600:			
yht.			
1,1^6			
ml.			
111.			
Manttaalista			
menemiä			
maksoja			
nme			
y.			
m,			
teit»			
ten			
kunnossapito			
tämä»			
kunnan			
osal»			
le			
tekee			
2,974:			
61			
p.			
satunnaisia			
menoja			
200:			
maillinki			
388:			
p.			
yht.			
3,6			
2:			
67.			
Tuloa			
tehtaista			
ja			
myllyistä			
tämän			
kunnan			
osalle			
603:			
t»7			
p.			
maillinki			
kannettama			
3,009:			
-,			
yht.			
3,612:			
67.			
st			
ki			
arin			
lläp			
to:			
Menoja			
1,782:			
67.			
Säästöä			
75:			
78			
p,,			
maillinli			
kannettama			
!,?06:			
89,			
yht.			
1,782:			
6?.			
Torito			
a:			
Järjestyksen			
ylläpitoon			
y.			
m.			
pallloihin			
>05:			
lorin			
tasaukseen			
120:			
säästöön			
40:			
yht.			
265			
ml.			
Sääsiöä			
150:			
tuloa			
1l5:			
yht.			
265			
ml.			
Päätettiin			
nmiwaswiljaa			
lännet»			
taivalsi			
litr.			
kunnallis-ääneltä.			
3:lsi.			
Tämän			
muoden			
lisättyyn			
kutsuntatoimistoon			
malittiin,			
paitsi			
kunnallislautaiunnan			
esimiestä			
O.	per		
Kahimalaa,	per		
T.	bper		
Junnila	per		
ja			
O.	per		
Junttila	per		
«varajäseniksi			
O.	per		
Hyrtki	per		
ja			
K.	per		
Nisu.	per		
4:ksi			
Kunnallislaulakunnan			
jä!e>			
nekst			
Herrastuomari	tit		
O.	per		
Kahimalan	per		
sijaan			
malittiin			
Tilallinen	tit		
F.	per		
Rauma.	per		
s:tsi.			
Holhouslautakunnan			
jäseniksi			
walittiiin			
tilalliset:			
T.	per		
lunni»	per		
la,			
W.	per		
Wititlala	per		
ja			
F.	per		
Sipi.	per		
Rouwa	tit		
Helmanin	per		
kutomakoulu			
alkaa			
taas			
Helmikuun	tim		
p.			
wau>			
hassa			
paikassa.			
Tulipalo.			
Loppialspäiwän	tim		
jälleisenä	tim		
yönä	tim		
häwilti			
tulipalo			
Kauppias	tit		
Nestori	per		
Teeren	per		
asuinralennuksen			
ja			
lauppawaraston			
Wam			
malas'			
sa.			
Onni			
onnettomuudessa			
oli			
se			
että			
ilma			
oli			
aiman			
tymen,			
jotta			
ulkohuonerakennukset			
ja			
naapurien			
asunnot			
säilylmät.			
Tuli			
kuuluu			
pääsneen			
irti			
puodista.			
Useita			
päi»			
mia			
kyti			
se			
mielä			
raunioissa.			
Setä			
rakennus			
että			
kauppawarasto			
olimat			
makuutetut.			
Winkkilän	loc	xxx	
lukutupaan	loc	xxx	
tulee			
til»			
nä			
muonna			
seuraamat			
sanomat:			
Uusi	org	crp	
Suometar,	org	crp	
Aamulehti,	borg	crp	
Sa>			
takunta,			
Sanomia	org	crp	
Turusta,	org	crp	
Uusi	borg	crp	
Kumalehti,	org	rp	
Kylälirjaslon	borg	crp	
Kumalehti	org	crp	
sarja,			
Lasten	org	crp	
Kumalehti,	org	crp	
Meri»	borg	crp	
miehen	org	crp	
Istämä,	org	crp	
Lähetys	borg	crp	
Sanomat,	org	crp	
Kirkolliset	borg	crp	
Sanomat,	org	crp	
Kansan	borg	crp	
Lehti,	org	crp	
Teollisuus	borg	crp	
Lehti,	org	crp	
Maanmies,	borg	crp	
Pel»			
tomies			
ia			
Tyrmään	org	crp	
Sanomat.	org	crp	
Lukutupa			
on			
yleisölle			
«moinna			
sunnuntaina,	tim		
tiistaina	tim		
ja	tim		
perjantaina	tim		
kello	tim		
5-7	tim		
j.	tim		
p.	tim		
p.	tim		
Toimikunta.			
Ilöskanto			
Tyrmään	loc	ppl	
rautatie»			
asemalla			
Joulukuulla	tim		
muonna	tim		
1699.	tim		
1052			
matkustajapileteistä			
1845:			
420			
lgr.			
pakaasia			
11:			
70			
s°l!			
etistä			
3:			
95			
lähetetystä			
ja			
tulleesta			
1,346:			
65			
rahtitamarasta			
lähetetystä			
ja			
tulleesta			
139:			
80			
43:			
75			
pillltaivarastll			
>09			
kpl.			
kääre!ähetylsesta			
hemosta			
koira			
lähetetyistä			
ja			
tulleista			
44:			
75			
-:			
50			
14:			
298:			
30			
26:			
20			
ajotalulsta			
jllltlwaatimusrahoja			
sähkösanomasta			
3)h>een,a			
Sml.			
3774:			
60			
Maksettawalst			
laslettu			
matlustaja»			
ja			
tawaialiitleestä			
joulukuulla	tim		
tekee			
3,353			
mk.			
95			
p.			
ylöslanto			
Kolo			
1899	tim		
»vuoden	tim		
tekee			
13,484			
matlustaja-			
24,309:			
84			
334:			
75			
175:			
55			
pileteistä			
8540			
lgr.			
pakaasia			
s>6			
solitaspilettia			
lähetetystä			
ja			
tulleesta			
37,940:			
45			
rahtitamarasta			
lähetetystä			
ja			
tulleesta			
1,657:			
50			
360:			
75			
213:			
15			
55:			
50			
496:			
30			
54:			
5,235:			
20			
'94:			
22			
Meeuia			
«mt.			
?1,02U:			
21			
Malsettamaksi			
laskettu			
matlus.			
taja			
ja			
tamaraliitteestä			
(8,9!			
4,629			
lgr.			
lähetettyä			
rahti-			
ja			
pikataioa»			
raa)			
wuonna	tim		
1899	tim		
tekee			
66,535			
mk.			
68			
p.			
Tyrwiän	org	crp	
Työwäenyhdistyksen	org	crp	
tok?uljes>»			
joulukuun	tim		
3>	tim		
p.	tim		
»välit»			
tim			
yhdistylselle			
seuraamat			
toimimiehet			
nmodelsi			
1900	tim		
puheenjohta»			
jatsi			
maalari	tit		
W.	per		
Tählö.	per		
marapu»			
heeniohtajatsl			
suutari	tit		
K.	per		
Lindfors	per		
ia			
kirjuriksi			
leipuri	tit		
Wäinö	per		
Lindfors.	per		
Johtokuntaan			
»valittiin			
W.	per		
Ponsi	per		
(puheenjohtaja			
K.	per		
Törnroos	per		
(wa«			
rapuheenjohlaja),			
H.	per		
Komero	per		
(rahastonhoilaja,			
epäselmi			
nimi			
(kirjuri),			
sekä			
Y.	per		
Koskinen,	per		
W.	bper		
Inti.	per		
O.	bper		
Rinki.	per		
A,	bper		
Rantanen,	per		
K.	bper		
Wahlroos	per		
ja			
P.	bper		
Maijala.	per		
Lukutupaan			
päätettiin			
tilata			
seu°			
raawlll			
sanomalehdet:			
Tyrmään	loc	ppl	
pllatamarasta			
101			
kpl.			
täärelähetyksiä			
39			
hemost»			
>8			
koiraa			
215			
lehmää			
17			
ajolaluista			
jällimaatimusrahoja			
104			
sähkösanomasta			
N:o2.			
1900	tim		
Tammikuun	tim		
jälkipuolisko.	tim		
Tyrwään	org	crp	
Sanomat.	org	crp	
Sanomat,			
Työmies,	org	crp	
Kansan	borg	crp	
Lehti	org	crp	
Päimälehti,	borg	crp	
Uusi	borg	crp	
Suometar,	org	crp	
Uusi	borg	crp	
Aura,	org	crp	
Satakunta.	borg	crp	
Aamulehti	borg	crp	
Suo»	borg	crp	
men	org	crp	
Teollisuuslehti,	org	crp	
Termeydenhoito»	borg	crp	
lehti,.	org	crp	
Kyläkirjaston	borg	crp	
Kumalehden	org	crp	
ja			
sarjat,			
Kylmäjä,	org	crp	
Uusi			
Kuw			
c>			
lehti			
ja			
Lähetys	org	crp	
Sanomat.	org	crp	
Lukutupa			
on			
yleisön			
käytettämänä			
seuraamina			
päiminä:			
sunnuntaina	tim		
kello	tim		
4-9	tim		
j.	tim		
p.	tim		
p.,	tim		
tiistaina	tim		
kello	tim		
5?9	tim		
j.	tim		
p.	tim		
p.	tim		
ja	tim		
perjantaina	tim		
5?9	tim		
j.	tim		
P-	tim		
p-	tim		
Sääntöjen			
mutaan			
pidetään			
luulaufitokous			
sunnuntaina	tim		
tammikuun	tim		
28	tim		
p.	tim		
lello	tim		
j.	tim		
p.	tim		
p.	tim		
yhdistyksen			
lukutumassa.			
Uudet			
jäsenet			
terwe>			
tulleet			
Puheenjohtaja.			
Sammaljoen	loc	xxx	
lukutupa	loc	xxx	
on			
nyt			
täydessä			
tunnossa			
yleisön			
täytettämatsi.			
Se			
tulee			
olemaan			
awoinna			
joka			
Sunnuntai	tim		
tello	tim		
I?B1	tim		
j.	tim		
p.	tim		
p.	tim		
setä	tim		
Tiistaina	tim		
ja	tim		
Torstaina	tim		
110	tim		
?8	tim		
j.	tim		
p.	tim		
p.	tim		
Walolan	org	edu	
lansaloulun	org	edu	
pienemmässä			
luokkahuoneessa.			
Tässä			
uudessa			
«valistuksen			
ahjossa.			
Sam»			
maljoen			
lutulumllssa			
tulee			
waloa			
lietsomaan			
paitllllunnau			
wäestöön			
22			
eri			
sanomalehteä,			
joiden			
raha!»			
linen			
armo			
74			
mt.			
80			
p.			
Lulu»			
tuman			
toto			
warasto			
tetee			
noin			
IVO			
mt.,			
jota			
summe			
saatiin			
totoon			
kah»			
ben			
iltaman			
pitämisellä			
kansakou»			
lulla.			
Kun			
paillalunnan			
malistusta			
harrastamat			
henkilöt			
omat			
maimojansll			
säästämättä			
toimineet			
tämän			
armoltaan			
simistyksen			
mali»			
lappaleen			
hantkimisetsi			
lylän			
kes»			
kelle,			
niin			
toiwottawasti			
yleisö			
ymmärtää			
hymätseen			
täyttää			
tätä			
uut>			
ta			
tulokasta			
tiedonhalunsa			
lisäämiseksi			
ja			
ajllnrientojensa			
seuraamiseksi.			
Toiwotetaan			
siis			
kaikkia			
paikkakuntalaisia			
saapumaan			
joka			
terran			
kuin			
lukutupa			
on			
awoinna,			
tcrwetulleina			
miettänlään			
iltaansa			
täällä			
lukuuöydäu			
äiM^ä.			
.U.			
W.			
res«			
Lukukinkerit			
Kiilassa			
w.			
1!>«».			
Taminilunn			
23	tim		
p,	tim		
Kolun	loc	ppl	
lahmossa			
Pajulahden	loc	ppl	
tor»			
Kiikasta.	loc	ppl	
29	tim		
p.	tim		
Leikkuun			
lahmos.			
sa,			
Leikkuun			
Hon»			
galla.			
30	tim		
p.	tim		
Kiimajärmenlah»			
mossa,			
Kiimajär»			
men			
Mi.Koukul.			
p-			
Helmikuun	tim		
p.	tim		
31	tim		
p.	tim		
Haapaniemen	loc	ppl	
lah>			
Haapani^			
Ala-Kololla.	loc	ppl	
lllh»			
lärwen-			
pään			
torpassa.			
Wehlalorwen			
lah-			
Newon			
Hmlulmsm			
muuM.			
Tnrun			
ja			
Porin	loc	ppl	
läänin			
kuwer			
nööri			
on			
läänin			
asullaille			
läheltä»			
nyt			
näin			
kuuluman			
kirjelmän:			
Wuodenwaihteen			
johdosta			
j»			
kun			
myöskin			
uusi			
muosisata			
on			
alkanut,			
pidän			
itseni			
läänin			
korkeimpana			
esimiehenä			
melmoitettuna			
Turun	loc	ppl	
ja			
Porin	loc	ppl	
läänin			
kaikille			
asukkaille			
tällä			
tamallll			
esiintuomaan			
milpittömän			
kiitokseni			
siitä			
maltillisuudesla			
ja			
hymästä			
järjestyksestä,			
jota			
tämän			
läänin			
mäestö			
on			
osoittanut			
miime			
aitoina,			
jolloin			
huomio			
enemmän			
luin			
ennen			
on			
ollut			
kääntyneenä			
meidän			
maahamme,			
samoin			
luin			
en			
myöskään			
moi			
olla			
lausumatta			
läänin			
alemmille			
mirkamiehille			
ja			
po>			
liisipalmelijoille			
täyttä			
kiitollisuutta,			
ni			
siitä			
sämillisyydestä			
ja			
welwolli.			
suudentunnosta,			
jolla			
he			
omat			
täyt»			
täneet			
tehtämänsä.			
Samalla			
tahdon			
nyt			
muosisadan			
»llaessa			
lausua			
lujan			
toimoni,			
että			
läänin			
mäestö			
w»st'edeslin			
on			
noudattama			
samaa			
sämyisyyttä			
läytölsessään,			
luin			
mitä			
se			
tähänkin			
asti			
on			
osoittanut,			
setä			
4,763			
,006			
3,319			
703			
545			
323			
458			
431			
4,211			
3,2?!»,			
2.224			
2.986,			
2.985,			
70			
108			
Helsinki	loc	ppl	
Turku	bloc	ppl	
Tampere	bloc	ppl	
Viipuri	bloc	ppl	
Oulu	bloc	ppl	
Pori	bloc	ppl	
Waasa.	bloc	ppl	
